# Blender 4.3.2
# www.blender.org
mtllib untitled.mtl
o Cube
v 1.000000 1.000000 -1.000000
v 1.000000 -1.000000 -1.000000
v 1.000000 1.000000 1.000000
v 1.000000 -1.000000 1.000000
v -1.000000 1.000000 -1.000000
v -1.000000 -1.000000 -1.000000
v -1.000000 1.000000 1.000000
v -1.000000 -1.000000 1.000000
vn -0.0000 1.0000 -0.0000
vn -0.0000 -0.0000 1.0000
vn -1.0000 -0.0000 -0.0000
vn -0.0000 -1.0000 -0.0000
vn 1.0000 -0.0000 -0.0000
vn -0.0000 -0.0000 -1.0000
vt 0.625000 0.500000
vt 0.875000 0.500000
vt 0.875000 0.750000
vt 0.625000 0.750000
vt 0.375000 0.750000
vt 0.625000 1.000000
vt 0.375000 1.000000
vt 0.375000 0.000000
vt 0.625000 0.000000
vt 0.625000 0.250000
vt 0.375000 0.250000
vt 0.125000 0.500000
vt 0.375000 0.500000
vt 0.125000 0.750000
s 0
usemtl Material
f 1/1/1 5/2/1 7/3/1 3/4/1
f 4/5/2 3/4/2 7/6/2 8/7/2
f 8/8/3 7/9/3 5/10/3 6/11/3
f 6/12/4 2/13/4 4/5/4 8/14/4
f 2/13/5 1/1/5 3/4/5 4/5/5
f 6/11/6 5/10/6 1/1/6 2/13/6
o defaultMaterial
v -138.474915 -0.228147 4.983275
v -138.474915 -53.678875 0.270163
v -78.834579 -61.469563 0.328467
v -78.834572 -1.199915 5.642850
v -83.460846 -0.258703 5.668034
v -138.474915 -0.228147 4.983275
v -83.460846 -0.258703 5.668034
v -78.834572 1.007123 5.615118
v -78.834564 61.469467 0.347812
v -138.474915 53.678822 0.287056
v -83.460846 -0.256877 -5.931238
v -78.834572 -1.198098 -5.906351
v -78.834579 -61.469414 -0.610935
v -138.474915 -53.678745 -0.550179
v -138.474915 -0.226537 -5.246470
v -78.834572 1.009461 -5.877877
v -83.460846 -0.256877 -5.931238
v -138.474915 -0.226537 -5.246470
v -138.474915 53.678951 -0.533286
v -78.834564 61.469616 -0.591590
v -47.998573 10.704988 4.811222
v -37.846306 16.520596 4.318067
v -26.630016 7.311034 5.135274
v -26.630009 62.199955 0.353509
v -37.846302 62.043015 0.352285
v -47.998566 61.900951 0.351177
v -47.998573 -10.967468 4.822855
v -61.937500 -5.288565 5.304944
v -61.937508 -61.706001 0.330237
v -47.998581 -61.901051 0.331696
v -26.630024 -62.200062 0.333934
v -14.055794 -42.982323 0.190111
v -13.580113 0.085014 3.964087
v -26.630020 -7.432678 5.163145
v -14.055794 -42.982220 -0.466761
v -26.630024 -62.199913 -0.616632
v -26.630020 -7.431011 -5.428607
v -13.580113 0.086303 -4.227183
v -61.937500 5.632163 -5.496138
v -78.834572 1.009461 -5.877877
v -78.834564 61.469616 -0.591590
v -61.937492 61.706062 -0.593360
v -26.630016 7.312692 -5.396096
v -37.846306 16.521994 -4.575991
v -37.846302 62.043163 -0.595883
v -26.630009 62.200104 -0.597057
v -26.630016 7.311034 5.135274
v -14.055782 42.982262 0.203638
v -26.630009 62.199955 0.353509
v -61.937508 -61.705853 -0.612779
v -78.834579 -61.469414 -0.610935
v -78.834572 -1.198098 -5.906351
v -61.937500 -5.286853 -5.569732
v -37.846313 -15.958462 4.396354
v -37.846317 -62.043110 0.332760
v -37.846313 -15.957036 -4.664500
v -37.846317 -62.042961 -0.615408
v -78.834572 1.007123 5.615118
v -61.937500 5.630475 5.234786
v -61.937492 61.705914 0.349656
v -78.834564 61.469467 0.347812
v -47.998581 -61.901051 0.331696
v -61.937508 -61.706001 0.330237
v -61.937508 -61.705853 -0.612779
v -47.998581 -61.900902 -0.614300
v -61.937492 61.705914 0.349656
v -47.998566 61.900951 0.351177
v -47.998566 61.901100 -0.594819
v -61.937492 61.706062 -0.593360
v -271.403198 -1.243946 -0.122251
v -271.403198 -0.005233 -0.013025
v -271.403198 -0.005195 -0.250098
v -271.403198 -1.243943 -0.141263
v -183.481476 -42.607010 0.187303
v -183.481476 -0.181075 3.928285
v -271.403198 -0.005233 -0.013025
v -271.403198 -1.243946 -0.122251
v 15.716490 -26.186153 -0.335776
v 15.716494 -0.110512 -2.626772
v 15.716494 -0.111297 2.363614
v 15.716490 -26.186216 0.064412
v -1.461975 -32.271763 -0.383236
v -1.461971 -0.136197 -3.206654
v 15.716494 -0.110512 -2.626772
v 15.716490 -26.186153 -0.335776
v -271.403198 1.244054 -0.121860
v -183.481476 42.606995 0.200712
v -183.481476 42.607098 -0.450426
v -271.403198 1.244057 -0.140872
v 15.716490 -26.186216 0.064412
v -1.461975 -32.271839 0.109956
v -1.461975 -32.271763 -0.383236
v 15.716490 -26.186153 -0.335776
v -26.630009 62.199955 0.353509
v -14.055782 42.982262 0.203638
v -14.055782 42.982365 -0.453234
v -26.630009 62.200104 -0.597057
v -26.630024 -62.200062 0.333934
v -37.846317 -62.043110 0.332760
v -37.846317 -62.042961 -0.615408
v -26.630024 -62.199913 -0.616632
v -183.481476 -0.179797 -4.191465
v -271.403198 -0.005195 -0.250098
v -271.403198 1.244057 -0.140872
v -183.481476 42.607098 -0.450426
v -138.474915 53.678822 0.287056
v -138.474915 53.678951 -0.533286
v -138.474915 -0.228147 4.983275
v -138.474915 53.678822 0.287056
v -183.481476 42.606995 0.200712
v -183.481476 -42.607010 0.187303
v -271.403198 -1.243946 -0.122251
v -271.403198 -1.243943 -0.141263
v -183.481476 -42.606907 -0.463835
v -138.474915 -0.226537 -5.246470
v -138.474915 53.678951 -0.533286
v -78.834564 61.469467 0.347812
v -78.834564 61.469616 -0.591590
v -78.834572 -1.199915 5.642850
v -78.834579 -61.469563 0.328467
v -138.474915 -53.678875 0.270163
v -138.474915 -53.678745 -0.550179
v -78.834579 -61.469563 0.328467
v -78.834579 -61.469414 -0.610935
v -1.461966 32.271801 0.120112
v -1.461966 32.271877 -0.373080
v -1.461971 -0.137164 2.943488
v -1.461966 32.271801 0.120112
v -14.055794 -42.982323 0.190111
v -26.630024 -62.200062 0.333934
v -26.630024 -62.199913 -0.616632
v -14.055794 -42.982220 -0.466761
v -14.055782 42.982365 -0.453234
v -1.461966 32.271877 -0.373080
v 15.716497 26.186190 0.072653
v 15.716497 26.186253 -0.327535
v 15.716494 -0.111297 2.363614
v 15.716497 26.186190 0.072653
v -138.474915 -53.678745 -0.550179
v -183.481476 -42.606907 -0.463835
v -271.403198 -1.243943 -0.141263
v -271.403198 1.244054 -0.121860
v -271.403198 1.244057 -0.140872
v -271.403198 1.244054 -0.121860
v -138.474915 -53.678875 0.270163
v -47.998573 10.706543 -5.070976
v -47.998566 61.901100 -0.594819
v -47.998573 -10.965909 -5.089429
v -47.998581 -61.900902 -0.614300
v -1.461975 -32.271839 0.109956
v 15.716490 -26.186216 0.064412
v 15.716497 26.186253 -0.327535
v 15.716497 26.186190 0.072653
v 15.716497 26.186253 -0.327535
v -37.846302 62.043015 0.352285
v -26.630009 62.199955 0.353509
v -26.630009 62.200104 -0.597057
v -37.846302 62.043163 -0.595883
v -61.937500 -5.286853 -5.569732
v -78.834572 -1.198098 -5.906351
v -78.834572 -1.199915 5.642850
v -61.937500 -5.288565 5.304944
v -47.998573 -10.965909 -5.089429
v -47.998573 -10.967468 4.822855
v -37.846313 -15.957036 -4.664500
v -37.846313 -15.958462 4.396354
v -26.630020 -7.431011 -5.428607
v -37.846313 -15.957036 -4.664500
v -37.846313 -15.958462 4.396354
v -26.630020 -7.432678 5.163145
v -13.580113 0.086303 -4.227183
v -13.580113 0.085014 3.964087
v -26.630016 7.312692 -5.396096
v -13.580113 0.086303 -4.227183
v -13.580113 0.085014 3.964087
v -26.630016 7.311034 5.135274
v -37.846306 16.521994 -4.575991
v -37.846306 16.520596 4.318067
v -47.998573 10.706543 -5.070976
v -37.846306 16.521994 -4.575991
v -37.846306 16.520596 4.318067
v -47.998573 10.704988 4.811222
v -61.937500 5.632163 -5.496138
v -61.937500 5.630475 5.234786
v -78.834572 1.009461 -5.877877
v -78.834572 1.007123 5.615118
v -83.460846 -0.256877 -5.931238
v -83.460846 -0.258703 5.668034
v -83.460846 -0.256877 -5.931238
v -83.460846 -0.258703 5.668034
v -48.189899 -52.998009 -0.378418
v -37.918156 -57.017818 -0.397141
v -37.918156 -57.018646 4.859846
v -48.189899 -52.998837 4.884391
v -137.902695 -17.889997 4.998830
v -137.902695 -0.810232 10.993427
v -183.522614 -0.136228 4.248520
v -183.522614 -0.215370 4.248507
v 15.748203 -26.779629 -0.255090
v 15.748205 -16.740902 4.981224
v 15.748205 -16.741707 10.091284
v 15.748203 -26.780434 4.854969
v -26.755821 -62.504585 -0.417581
v -26.755821 -62.505398 4.747226
v -37.918156 -57.018646 4.859846
v -37.918156 -57.017818 -0.397141
v -26.594425 62.478882 -0.397915
v -26.594425 62.478069 4.766892
v -13.953687 43.540695 4.865531
v -13.953687 43.541508 -0.316237
v 15.748203 -26.779629 -0.255090
v 15.748203 -26.780434 4.854969
v -1.404495 -32.859669 4.857333
v -1.404495 -32.858860 -0.287835
v -81.387054 -40.006405 -0.317905
v -81.387054 -40.007240 4.997741
v -137.902695 -17.889997 4.998830
v -137.902695 -17.889177 -0.214886
v -13.685607 -43.269978 4.851872
v -13.685607 -43.269165 -0.329897
v -26.803196 25.446201 9.995803
v -13.060052 16.898676 10.096074
v -13.953687 43.540695 4.865531
v -26.594425 62.478069 4.766892
v -26.755821 -62.505398 4.747226
v -26.755821 -62.504585 -0.417581
v -183.522614 -0.215370 4.248507
v -183.522614 -0.214681 -0.131595
v -48.189896 -32.509621 10.122350
v -65.920692 -26.477365 10.145902
v -65.920700 -46.059937 4.908084
v -48.189899 -52.998837 4.884391
v -2.476856 15.306246 10.099648
v -1.048585 32.679928 4.867645
v -137.902695 0.104541 10.993571
v -137.902695 17.888460 5.004460
v -183.522614 0.214080 4.248575
v -183.522614 0.132452 4.248562
v -183.522614 -0.214681 -0.131595
v -183.522614 -0.215370 4.248507
v -183.522614 -0.136228 4.248520
v -183.522614 -0.135539 -0.131583
v -48.189888 31.841959 10.132476
v -48.151581 10.286949 6.380435
v -38.311245 15.953939 6.350341
v -37.918144 35.340874 10.109115
v 15.748209 16.431572 10.096503
v 15.748211 26.510809 4.863354
v -27.663128 7.146368 6.204145
v -183.522614 0.062715 -0.131552
v -183.522614 0.062026 4.248551
v -183.522614 0.132452 4.248562
v -183.522614 0.133141 -0.131541
v -14.497192 0.478285 6.334769
v -37.918140 57.017124 4.877789
v -2.476858 0.167053 4.862529
v 15.748207 0.422179 4.859249
v 15.748209 16.431572 10.096503
v 15.748209 16.432377 4.986444
v 15.748211 26.511614 -0.246705
v 15.748211 26.510809 4.863354
v 15.748209 16.431572 10.096503
v -81.387047 20.533846 10.242003
v -81.387039 40.005680 5.010332
v -1.048585 32.679928 4.867645
v -1.048585 32.680737 -0.277522
v -183.522614 0.214080 4.248575
v -183.522614 0.214769 -0.131528
v -183.522614 0.214769 -0.131528
v -183.522614 0.214080 4.248575
v -137.902695 17.888460 5.004460
v -137.902695 17.889280 -0.209257
v 15.748206 -7.464714 -0.252051
v 15.748207 -0.213896 4.859149
v -2.476860 -15.323877 10.094829
v -1.404495 -32.859669 4.857333
v 15.748203 -26.780434 4.854969
v 15.748205 -16.741707 10.091284
v -13.060056 -17.146351 10.090717
v -13.685607 -43.269978 4.851872
v -26.803204 -25.171236 9.987838
v -26.755821 -62.505398 4.747226
v -37.918152 -36.004204 10.097889
v -37.918156 -57.018646 4.859846
v -137.902695 -0.312149 10.993505
v -183.522614 -0.061104 4.248532
v -48.151581 -10.450393 6.377172
v -65.137688 -3.576458 6.407538
v 15.748211 26.510809 4.863354
v 15.748211 26.511614 -0.246705
v -48.189884 52.998131 -0.361739
v -48.189884 52.997303 4.901070
v -37.918140 57.017124 4.877789
v -37.918140 57.017952 -0.379198
v -26.594425 62.478069 4.766892
v -26.594425 62.478882 -0.397915
v -37.918140 57.018700 -5.122969
v -37.918144 35.344093 -10.361115
v -48.189888 31.845188 -10.385577
v -48.189884 52.998886 -5.147514
v -183.522614 -0.060415 -0.131571
v -183.522614 -0.061104 4.248532
v -137.902695 -0.232540 10.993518
v -183.522614 0.062026 4.248551
v -38.311253 -15.368666 6.345412
v -27.663132 -7.146470 6.201896
v -14.497192 -0.368898 6.334636
v -2.476858 -0.546375 4.862417
v 15.748205 -16.741707 10.091284
v 15.748207 -0.213896 4.859149
v 15.748208 7.737848 -0.249659
v 15.748207 0.422179 4.859249
v -65.920685 46.059990 -5.171207
v -65.920685 46.059166 0.082975
v -48.189884 52.998058 0.115295
v -48.189884 52.998886 -5.147514
v -48.189899 -52.997253 -5.164193
v -48.189899 -52.998081 0.098616
v -65.920700 -46.059174 0.068480
v -65.920700 -46.058350 -5.185702
v -81.387054 -40.005623 -5.273455
v -81.387047 -21.212250 -10.505233
v -65.920692 -26.474129 -10.417356
v -65.920700 -46.058350 -5.185702
v -65.920692 25.802233 10.154127
v -65.137688 3.864857 6.408710
v -65.920700 -46.059109 -0.346098
v -65.920700 -46.059937 4.908084
v -81.387047 -21.215513 10.235435
v -81.387054 -40.007240 4.997741
v -79.954460 -0.176744 6.523014
v -79.954460 -0.057954 6.523032
v -65.920685 46.058403 4.922579
v -81.387039 40.006516 -0.305315
v -81.387039 40.005680 5.010332
v -65.920685 46.059231 -0.331603
v -65.920685 46.058403 4.922579
v -48.189884 52.997303 4.901070
v -80.058167 -0.176111 -6.786812
v -65.033966 -3.626489 -6.670806
v -37.918156 -57.017071 -5.140913
v -37.918156 -57.017899 0.116075
v -183.522614 -0.134850 -4.511686
v -137.902695 -0.806969 -9.742458
v -137.902695 -17.888382 -5.267583
v -183.522614 -0.213992 -4.511699
v 15.748205 -16.738487 -10.359674
v 15.748205 -16.739292 -5.249616
v 15.748203 -26.779667 -0.016460
v 15.748203 -26.778862 -5.126519
v -26.755821 -62.503857 -5.030020
v -26.755821 -62.504669 0.134787
v -13.953687 43.542263 -5.114953
v -26.594425 62.479610 -5.010354
v -26.594425 62.478794 0.154453
v -13.953687 43.541451 0.066817
v -1.404495 -32.858097 -5.130797
v 15.748203 -26.778862 -5.126519
v 15.748203 -26.779667 -0.016460
v -1.404495 -32.858906 0.014371
v -137.902695 -17.888382 -5.267583
v -81.387054 -40.005623 -5.273455
v -81.387054 -40.006462 0.042191
v -137.902695 -17.889202 -0.053866
v -13.685607 -43.268410 -5.128612
v -13.685607 -43.269222 0.053157
v -13.953687 43.542263 -5.114953
v -13.060052 16.901894 -10.353879
v -26.803196 25.449387 -10.250916
v -26.594425 62.479610 -5.010354
v -26.755821 -62.503857 -5.030020
v -26.755821 -62.504669 0.134787
v -183.522614 -0.213992 -4.511699
v -183.522614 -0.214681 -0.131595
v -48.189896 -32.506390 -10.395703
v -48.189899 -52.997253 -5.164193
v -1.048585 32.681499 -5.120484
v -2.476856 15.309464 -10.357953
v -183.522614 0.215458 -4.511631
v -137.902695 17.890076 -5.261954
v -137.902695 0.107804 -9.742314
v -183.522614 0.133830 -4.511644
v -183.522614 -0.134850 -4.511686
v -183.522614 -0.213992 -4.511699
v -38.311245 15.955978 -6.608259
v -48.151581 10.288999 -6.640137
v 15.748211 26.512381 -5.118134
v 15.748209 16.434792 -10.354455
v -27.663128 7.148362 -6.464836
v -183.522614 0.133830 -4.511644
v -183.522614 0.063404 -4.511655
v -14.497192 0.480320 -6.597558
v -2.476858 0.168625 -5.125600
v 15.748207 0.423750 -5.122238
v 15.748209 16.434792 -10.354455
v 15.748211 26.512381 -5.118134
v 15.748211 26.511576 -0.008075
v 15.748209 16.433987 -5.244396
v 15.748209 16.434792 -10.354455
v -81.387039 40.007298 -5.260865
v -81.387047 20.537109 -10.498664
v -1.048585 32.681499 -5.120484
v -1.048585 32.680691 0.024684
v -183.522614 0.215458 -4.511631
v -137.902695 17.890076 -5.261954
v -183.522614 0.215458 -4.511631
v -183.522614 0.214769 -0.131528
v -137.902695 17.889256 -0.048237
v 15.748207 -0.212325 -5.122338
v 15.748206 -7.464751 -0.013421
v 15.748203 -26.778862 -5.126519
v -1.404495 -32.858097 -5.130797
v -2.476860 -15.320659 -10.362773
v 15.748205 -16.738487 -10.359674
v -13.685607 -43.268410 -5.128612
v -13.060056 -17.143133 -10.359236
v -26.755821 -62.503857 -5.030020
v -26.803204 -25.168051 -10.258882
v -37.918156 -57.017071 -5.140913
v -37.918152 -36.000984 -10.372341
v -183.522614 -0.059726 -4.511674
v -137.902695 -0.308886 -9.742380
v -48.151581 -10.448343 -6.643400
v 15.748211 26.512381 -5.118134
v 15.748211 26.511576 -0.008075
v -37.918140 57.018700 -5.122969
v -37.918140 57.017872 0.134018
v -26.594425 62.479610 -5.010354
v -26.594425 62.478794 0.154453
v -80.058167 -0.055657 -6.786794
v -65.920692 25.805470 -10.409130
v -65.033966 3.919005 -6.669619
v -183.522614 -0.059726 -4.511674
v -183.522614 0.063404 -4.511655
v -137.902695 -0.229277 -9.742368
v -38.311253 -15.366627 -6.613188
v -27.663132 -7.144476 -6.467085
v -14.497192 -0.366863 -6.597692
v -2.476858 -0.544804 -5.125712
v 15.748205 -16.738487 -10.359674
v 15.748207 -0.212325 -5.122338
v 15.748207 0.423750 -5.122238
v 15.748208 7.737811 -0.011029
v -65.920685 46.059990 -5.171207
v -81.387039 40.007298 -5.260865
v -81.387039 40.006458 0.054781
v -38.311253 -15.366627 -6.613188
v -48.151581 -10.448343 -6.643400
v -48.151581 -10.450393 6.377172
v -38.311253 -15.368666 6.345412
v -65.033966 -3.626489 -6.670806
v -65.137688 -3.576458 6.407538
v -80.058167 -0.176111 -6.786812
v -79.954460 -0.176744 6.523014
v -80.058167 -0.055657 -6.786794
v -65.033966 3.919005 -6.669619
v -65.137688 3.864857 6.408710
v -79.954460 -0.057954 6.523032
v -80.058167 -0.176111 -6.786812
v -80.058167 -0.055657 -6.786794
v -79.954460 -0.057954 6.523032
v -79.954460 -0.176744 6.523014
v -48.151581 10.288999 -6.640137
v -48.151581 10.286949 6.380435
v -38.311245 15.955978 -6.608259
v -38.311245 15.953939 6.350341
v -38.311245 15.955978 -6.608259
v -27.663128 7.148362 -6.464836
v -27.663128 7.146368 6.204145
v -38.311245 15.953939 6.350341
v -14.497192 0.480320 -6.597558
v -14.497192 0.478285 6.334769
v -14.497192 -0.366863 -6.597692
v -27.663132 -7.144476 -6.467085
v -27.663132 -7.146470 6.201896
v -14.497192 -0.368898 6.334636
v -38.311253 -15.366627 -6.613188
v -38.311253 -15.368666 6.345412
v -14.497192 0.480320 -6.597558
v -14.497192 -0.366863 -6.597692
v -14.497192 -0.368898 6.334636
v -14.497192 0.478285 6.334769
v 65.541351 -32.122887 -5.262689
v 68.945084 -49.232807 -16.737518
v 59.151546 -50.197384 -16.737669
v 59.151550 -32.752228 -5.262788
v 68.945084 -49.232807 -16.737518
v 68.945084 -47.247639 -8.438101
v 59.151546 -48.173306 -8.438246
v 59.151546 -50.197384 -16.737669
v 68.945084 -47.248943 -0.138996
v 59.151546 -48.174610 -0.139142
v 68.945084 -47.250252 8.160109
v 59.151546 -48.175915 8.159964
v 68.945084 -49.238029 16.458900
v 59.151546 -50.202610 16.458750
v 68.945084 -49.238029 16.458900
v 65.541351 -32.124500 4.989457
v 59.151550 -32.753838 4.989357
v 59.151546 -50.202610 16.458750
v 65.541351 -32.124500 4.989457
v 65.541351 -32.124096 2.426421
v 59.151550 -32.753437 2.426322
v 59.151550 -32.753838 4.989357
v 65.541351 -32.123692 -0.136616
v 59.151550 -32.753033 -0.136715
v 65.541351 -32.123287 -2.699653
v 59.151550 -32.752628 -2.699752
v 65.541351 -32.122887 -5.262689
v 59.151550 -32.752228 -5.262788
v 71.685600 -30.259048 -5.262396
v 78.362259 -46.376141 -16.737068
v 68.945084 -49.232807 -16.737518
v 65.541351 -32.122887 -5.262689
v 78.362259 -46.376141 -16.737068
v 78.362259 -44.506229 -8.437669
v 78.362259 -44.507538 -0.138565
v 78.362259 -44.508842 8.160541
v 78.362259 -46.381363 16.459351
v 78.362259 -46.381363 16.459351
v 71.685600 -30.260662 4.989750
v 71.685600 -30.260662 4.989750
v 71.685600 -30.260258 2.426714
v 71.685600 -30.259855 -0.136323
v 71.685600 -30.259451 -2.699360
v 71.685600 -30.259048 -5.262396
v 77.348175 -27.232342 -5.261920
v 87.041176 -41.737160 -16.736338
v 87.041176 -41.737160 -16.736338
v 87.041176 -40.054420 -8.436969
v 87.041176 -40.055725 -0.137864
v 87.041176 -40.057030 8.161241
v 87.041176 -41.742386 16.460081
v 87.041176 -41.742386 16.460081
v 77.348175 -27.233955 4.990226
v 77.348175 -27.233955 4.990226
v 77.348175 -27.233553 2.427190
v 77.348175 -27.233149 -0.135847
v 77.348175 -27.232746 -2.698884
v 77.348175 -27.232342 -5.261920
v 82.311455 -23.159082 -5.261279
v 94.648308 -35.494148 -16.735355
v 94.648308 -35.494148 -16.735355
v 94.648308 -34.063290 -8.436026
v 94.648308 -34.064594 -0.136922
v 94.648308 -34.065903 8.162184
v 94.648308 -35.499371 16.461063
v 94.648308 -35.499371 16.461063
v 82.311455 -23.160694 4.990867
v 82.311455 -23.160694 4.990867
v 82.311455 -23.160292 2.427831
v 82.311455 -23.159889 -0.135206
v 82.311455 -23.159485 -2.698243
v 82.311455 -23.159082 -5.261279
v 86.384712 -18.195799 -5.260498
v 100.891342 -27.887011 -16.734159
v 100.891342 -27.887011 -16.734159
v 100.891342 -26.763071 -8.434877
v 100.891342 -26.764378 -0.135773
v 100.891342 -26.765682 8.163332
v 100.891342 -27.892235 16.462259
v 100.891342 -27.892235 16.462259
v 86.384712 -18.197412 4.991648
v 86.384712 -18.197412 4.991648
v 86.384712 -18.197008 2.428612
v 86.384712 -18.196606 -0.134425
v 86.384712 -18.196201 -2.697462
v 86.384712 -18.195799 -5.260498
v 89.411430 -12.533233 -5.259607
v 105.530319 -19.208094 -16.732794
v 105.530319 -19.208094 -16.732794
v 105.530319 -18.434315 -8.433567
v 100.891342 -26.763071 -8.434877
v 100.891342 -27.887011 -16.734159
v 105.530319 -18.435621 -0.134462
v 100.891342 -26.764378 -0.135773
v 105.530319 -18.436928 8.164642
v 100.891342 -26.765682 8.163332
v 105.530319 -19.213316 16.463625
v 100.891342 -27.892235 16.462259
v 105.530319 -19.213316 16.463625
v 89.411430 -12.534846 4.992539
v 89.411430 -12.534846 4.992539
v 89.411430 -12.534443 2.429503
v 86.384712 -18.197008 2.428612
v 86.384712 -18.197412 4.991648
v 89.411430 -12.534039 -0.133534
v 86.384712 -18.196606 -0.134425
v 89.411430 -12.533636 -2.696571
v 86.384712 -18.196201 -2.697462
v 89.411430 -12.533233 -5.259607
v 86.384712 -18.195799 -5.260498
v 91.275261 -6.388987 -5.258640
v 108.386986 -9.790918 -16.731312
v 108.386986 -9.790918 -16.731312
v 108.386986 -9.397090 -8.432145
v 108.386986 -9.398396 -0.133040
v 108.386986 -9.399702 8.166064
v 108.386986 -9.796142 16.465107
v 108.386986 -9.796142 16.465107
v 91.275261 -6.390600 4.993505
v 91.275261 -6.390600 4.993505
v 91.275261 -6.390196 2.430470
v 91.275261 -6.389793 -0.132567
v 91.275261 -6.389390 -2.695604
v 91.275261 -6.388987 -5.258640
v 91.904594 0.000815 -5.257635
v 109.351562 0.002618 -16.729771
v 109.351562 0.002618 -16.729771
v 109.351562 0.001312 -8.430666
v 109.351562 0.000006 -0.131562
v 109.351562 -0.001300 8.167543
v 109.351562 -0.002606 16.466648
v 109.351562 -0.002606 16.466648
v 91.904594 -0.000798 4.994511
v 91.904594 -0.000798 4.994511
v 91.904594 -0.000395 2.431475
v 91.904594 0.000009 -0.131562
v 91.904594 0.000412 -2.694598
v 91.904594 0.000815 -5.257635
v 91.275261 6.390617 -5.256629
v 108.386986 9.796153 -16.728230
v 108.386986 9.796153 -16.728230
v 108.386986 9.399715 -8.429187
v 108.386986 9.398409 -0.130083
v 108.386986 9.397103 8.169023
v 108.386986 9.790930 16.468189
v 108.386986 9.790930 16.468189
v 91.275261 6.389004 4.995517
v 91.275261 6.389004 4.995517
v 91.275261 6.389408 2.432481
v 91.275261 6.389811 -0.130556
v 91.275261 6.390214 -2.693593
v 91.275261 6.390617 -5.256629
v 89.411430 12.534863 -5.255662
v 105.530319 19.213331 -16.726748
v 105.530319 19.213331 -16.726748
v 105.530319 18.436943 -8.427765
v 105.530319 18.435637 -0.128661
v 105.530319 18.434330 8.170444
v 105.530319 19.208109 16.469671
v 105.530319 19.208109 16.469671
v 89.411430 12.533249 4.996483
v 89.411430 12.533249 4.996483
v 89.411430 12.533652 2.433448
v 89.411430 12.534056 -0.129589
v 89.411430 12.534459 -2.692626
v 89.411430 12.534863 -5.255662
v 86.384712 18.197432 -5.254771
v 100.891342 27.892252 -16.725382
v 100.891342 27.892252 -16.725382
v 100.891342 26.765699 -8.426455
v 100.891342 26.764393 -0.127350
v 100.891342 26.763088 8.171755
v 100.891342 27.887028 16.471037
v 100.891342 27.887028 16.471037
v 86.384712 18.195818 4.997375
v 86.384712 18.195818 4.997375
v 86.384712 18.196222 2.434339
v 86.384712 18.196625 -0.128698
v 86.384712 18.197029 -2.691735
v 86.384712 18.197432 -5.254771
v 82.311455 23.160715 -5.253991
v 94.648323 35.499382 -16.724186
v 94.648323 35.499382 -16.724186
v 94.648323 34.065914 -8.425306
v 100.891342 26.765699 -8.426455
v 100.891342 27.892252 -16.725382
v 94.648323 34.064610 -0.126202
v 100.891342 26.764393 -0.127350
v 94.648323 34.063301 8.172903
v 100.891342 26.763088 8.171755
v 94.648323 35.494160 16.472233
v 100.891342 27.887028 16.471037
v 94.648323 35.494160 16.472233
v 82.311455 23.159103 4.998155
v 82.311455 23.159103 4.998155
v 82.311455 23.159506 2.435120
v 86.384712 18.196222 2.434339
v 86.384712 18.195818 4.997375
v 82.311455 23.159908 -0.127917
v 86.384712 18.196625 -0.128698
v 82.311455 23.160313 -2.690954
v 86.384712 18.197029 -2.691735
v 82.311455 23.160715 -5.253991
v 86.384712 18.197432 -5.254771
v 77.348175 27.233978 -5.253349
v 87.041191 41.742397 -16.723204
v 87.041191 41.742397 -16.723204
v 87.041191 40.057045 -8.424363
v 87.041191 40.055740 -0.125259
v 87.041191 40.054436 8.173846
v 87.041191 41.737171 16.473215
v 87.041191 41.737171 16.473215
v 77.348175 27.232365 4.998796
v 77.348175 27.232365 4.998796
v 77.348175 27.232767 2.435760
v 77.348175 27.233171 -0.127276
v 77.348175 27.233574 -2.690313
v 77.348175 27.233978 -5.253349
v 71.685616 30.260685 -5.252873
v 78.362274 46.381378 -16.722473
v 78.362274 46.381378 -16.722473
v 78.362274 44.508862 -8.423663
v 78.362274 44.507553 -0.124558
v 78.362274 44.506248 8.174546
v 78.362274 46.376156 16.473946
v 78.362274 46.376156 16.473946
v 71.685616 30.259071 4.999272
v 71.685616 30.259071 4.999272
v 71.685616 30.259476 2.436237
v 71.685616 30.259878 -0.126800
v 71.685616 30.260283 -2.689837
v 71.685616 30.260685 -5.252873
v 65.541367 32.124519 -5.252580
v 68.945099 49.238052 -16.722023
v 68.945099 49.238052 -16.722023
v 68.945099 47.250271 -8.423231
v 68.945099 47.248966 -0.124127
v 68.945099 47.247658 8.174978
v 68.945099 49.232830 16.474396
v 68.945099 49.232830 16.474396
v 65.541367 32.122906 4.999566
v 65.541367 32.122906 4.999566
v 65.541367 32.123310 2.436530
v 65.541367 32.123714 -0.126507
v 65.541367 32.124119 -2.689544
v 65.541367 32.124519 -5.252580
v 59.151558 32.753860 -5.252481
v 59.151562 50.202633 -16.721872
v 59.151562 50.202633 -16.721872
v 59.151562 48.175938 -8.423086
v 59.151562 48.174633 -0.123981
v 59.151562 48.173328 8.175123
v 59.151562 50.197407 16.474546
v 59.151562 50.197407 16.474546
v 59.151558 32.752251 4.999665
v 59.151558 32.752251 4.999665
v 59.151558 32.752651 2.436629
v 59.151558 32.753056 -0.126408
v 59.151558 32.753460 -2.689445
v 59.151558 32.753860 -5.252481
v 52.761761 32.124523 -5.252580
v 49.358032 49.238056 -16.722023
v 49.358032 49.238056 -16.722023
v 49.358032 47.250275 -8.423231
v 49.358032 47.248966 -0.124127
v 49.358032 47.247662 8.174978
v 49.358032 49.232834 16.474396
v 49.358032 49.232834 16.474396
v 52.761761 32.122910 4.999566
v 52.761761 32.122910 4.999566
v 52.761761 32.123310 2.436530
v 52.761761 32.123714 -0.126507
v 52.761761 32.124119 -2.689544
v 52.761761 32.124523 -5.252580
v 46.617508 30.260689 -5.252873
v 39.940849 46.381382 -16.722473
v 39.940849 46.381382 -16.722473
v 39.940849 44.508865 -8.423663
v 39.940849 44.507561 -0.124558
v 39.940849 44.506252 8.174546
v 39.940849 46.376160 16.473946
v 39.940849 46.376160 16.473946
v 46.617508 30.259075 4.999272
v 46.617508 30.259075 4.999272
v 46.617508 30.259478 2.436237
v 46.617508 30.259882 -0.126800
v 46.617508 30.260284 -2.689837
v 46.617508 30.260689 -5.252873
v 40.954941 27.233982 -5.253349
v 31.261932 41.742405 -16.723204
v 31.261932 41.742405 -16.723204
v 31.261932 40.057053 -8.424363
v 31.261932 40.055748 -0.125259
v 31.261932 40.054443 8.173846
v 31.261932 41.737179 16.473215
v 31.261932 41.737179 16.473215
v 40.954941 27.232368 4.998796
v 40.954941 27.232368 4.998796
v 40.954941 27.232773 2.435760
v 40.954941 27.233175 -0.127276
v 40.954941 27.233580 -2.690313
v 40.954941 27.233982 -5.253349
v 35.991657 23.160721 -5.253991
v 23.654797 35.499393 -16.724186
v 23.654797 35.499393 -16.724186
v 23.654797 34.065926 -8.425306
v 23.654797 34.064617 -0.126202
v 23.654797 34.063313 8.172903
v 23.654797 35.494171 16.472233
v 23.654797 35.494171 16.472233
v 35.991657 23.159109 4.998155
v 35.991657 23.159109 4.998155
v 35.991657 23.159512 2.435120
v 35.991657 23.159916 -0.127917
v 35.991657 23.160318 -2.690954
v 35.991657 23.160721 -5.253991
v 31.918396 18.197439 -5.254771
v 17.411777 27.892262 -16.725382
v 17.411777 27.892262 -16.725382
v 17.411777 26.765709 -8.426455
v 17.411777 26.764404 -0.127350
v 17.411777 26.763098 8.171755
v 17.411777 27.887037 16.471037
v 17.411777 27.887037 16.471037
v 31.918396 18.195826 4.997375
v 31.918396 18.195826 4.997375
v 31.918396 18.196228 2.434339
v 31.918396 18.196632 -0.128698
v 31.918396 18.197035 -2.691735
v 31.918396 18.197439 -5.254771
v 28.891693 12.534870 -5.255662
v 12.772799 19.213343 -16.726748
v 12.772799 19.213343 -16.726748
v 12.772799 18.436954 -8.427765
v 17.411777 26.765709 -8.426455
v 17.411777 27.892262 -16.725382
v 12.772799 18.435648 -0.128661
v 17.411777 26.764404 -0.127350
v 12.772799 18.434341 8.170444
v 17.411777 26.763098 8.171755
v 12.772799 19.208120 16.469671
v 17.411777 27.887037 16.471037
v 12.772799 19.208120 16.469671
v 28.891693 12.533257 4.996483
v 28.891693 12.533257 4.996483
v 28.891693 12.533660 2.433448
v 31.918396 18.196228 2.434339
v 31.918396 18.195826 4.997375
v 28.891693 12.534063 -0.129589
v 31.918396 18.196632 -0.128698
v 28.891693 12.534467 -2.692626
v 31.918396 18.197035 -2.691735
v 28.891693 12.534870 -5.255662
v 31.918396 18.197439 -5.254771
v 27.027851 6.390625 -5.256629
v 9.916128 9.796165 -16.728230
v 9.916128 9.796165 -16.728230
v 9.916128 9.399728 -8.429187
v 9.916128 9.398422 -0.130083
v 9.916128 9.397116 8.169023
v 9.916128 9.790942 16.468189
v 9.916128 9.790942 16.468189
v 27.027851 6.389012 4.995517
v 27.027851 6.389012 4.995517
v 27.027851 6.389416 2.432481
v 27.027851 6.389819 -0.130556
v 27.027851 6.390223 -2.693593
v 27.027851 6.390625 -5.256629
v 26.398514 0.000824 -5.257635
v 8.951549 0.002631 -16.729771
v 8.951549 0.002631 -16.729771
v 8.951549 0.001325 -8.430666
v 8.951549 0.000019 -0.131562
v 8.951549 -0.001287 8.167543
v 8.951549 -0.002593 16.466648
v 8.951549 -0.002593 16.466648
v 26.398514 -0.000790 4.994511
v 26.398514 -0.000790 4.994511
v 26.398514 -0.000386 2.431475
v 26.398514 0.000017 -0.131562
v 26.398514 0.000420 -2.694598
v 26.398514 0.000824 -5.257635
v 27.027851 -6.388978 -5.258640
v 9.916126 -9.790906 -16.731312
v 9.916126 -9.790906 -16.731312
v 9.916126 -9.397078 -8.432145
v 9.916126 -9.398383 -0.133040
v 9.916126 -9.399690 8.166064
v 9.916126 -9.796129 16.465107
v 9.916126 -9.796129 16.465107
v 27.027851 -6.390592 4.993505
v 27.027851 -6.390592 4.993505
v 27.027851 -6.390188 2.430470
v 27.027851 -6.389785 -0.132567
v 27.027851 -6.389381 -2.695604
v 27.027851 -6.388978 -5.258640
v 28.891689 -12.533225 -5.259607
v 12.772794 -19.208082 -16.732794
v 12.772794 -19.208082 -16.732794
v 12.772794 -18.434303 -8.433567
v 12.772794 -18.435610 -0.134462
v 12.772794 -18.436916 8.164642
v 12.772794 -19.213305 16.463625
v 12.772794 -19.213305 16.463625
v 28.891689 -12.534839 4.992539
v 28.891689 -12.534839 4.992539
v 28.891689 -12.534435 2.429503
v 28.891689 -12.534032 -0.133534
v 28.891689 -12.533628 -2.696571
v 28.891689 -12.533225 -5.259607
v 31.918388 -18.195791 -5.260498
v 17.411770 -27.887001 -16.734159
v 17.411770 -27.887001 -16.734159
v 17.411770 -26.763062 -8.434877
v 17.411770 -26.764366 -0.135773
v 17.411770 -26.765673 8.163332
v 17.411770 -27.892225 16.462259
v 17.411770 -27.892225 16.462259
v 31.918388 -18.197405 4.991648
v 31.918388 -18.197405 4.991648
v 31.918388 -18.197002 2.428612
v 31.918388 -18.196598 -0.134425
v 31.918388 -18.196196 -2.697462
v 31.918388 -18.195791 -5.260498
v 35.991650 -23.159077 -5.261279
v 23.654785 -35.494137 -16.735355
v 23.654785 -35.494137 -16.735355
v 23.654789 -34.063278 -8.436026
v 17.411770 -26.763062 -8.434877
v 17.411770 -27.887001 -16.734159
v 23.654789 -34.064587 -0.136922
v 17.411770 -26.764366 -0.135773
v 23.654789 -34.065891 8.162184
v 17.411770 -26.765673 8.163332
v 23.654785 -35.499359 16.461063
v 17.411770 -27.892225 16.462259
v 23.654785 -35.499359 16.461063
v 35.991650 -23.160688 4.990867
v 35.991650 -23.160688 4.990867
v 35.991650 -23.160286 2.427831
v 31.918388 -18.197002 2.428612
v 31.918388 -18.197405 4.991648
v 35.991650 -23.159882 -0.135206
v 31.918388 -18.196598 -0.134425
v 35.991650 -23.159479 -2.698243
v 31.918388 -18.196196 -2.697462
v 35.991650 -23.159077 -5.261279
v 31.918388 -18.195791 -5.260498
v 40.954933 -27.232338 -5.261920
v 31.261921 -41.737152 -16.736338
v 31.261921 -41.737152 -16.736338
v 31.261921 -40.054413 -8.436969
v 31.261921 -40.055717 -0.137864
v 31.261921 -40.057022 8.161241
v 31.261921 -41.742378 16.460081
v 31.261921 -41.742378 16.460081
v 40.954933 -27.233952 4.990226
v 40.954933 -27.233952 4.990226
v 40.954933 -27.233547 2.427190
v 40.954933 -27.233145 -0.135847
v 40.954933 -27.232740 -2.698884
v 40.954933 -27.232338 -5.261920
v 46.617500 -30.259045 -5.262396
v 39.940834 -46.376137 -16.737068
v 39.940834 -46.376137 -16.737068
v 39.940834 -44.506226 -8.437669
v 39.940834 -44.507530 -0.138565
v 39.940834 -44.508839 8.160541
v 39.940834 -46.381359 16.459351
v 39.940834 -46.381359 16.459351
v 46.617500 -30.260658 4.989750
v 46.617500 -30.260658 4.989750
v 46.617500 -30.260256 2.426714
v 46.617500 -30.259851 -0.136323
v 46.617500 -30.259449 -2.699360
v 46.617500 -30.259045 -5.262396
v 52.761753 -32.122883 -5.262689
v 49.358017 -49.232803 -16.737518
v 49.358017 -49.232803 -16.737518
v 49.358017 -47.247635 -8.438101
v 49.358017 -47.248943 -0.138996
v 49.358017 -47.250248 8.160109
v 49.358017 -49.238026 16.458900
v 49.358017 -49.238026 16.458900
v 52.761753 -32.124496 4.989457
v 52.761753 -32.124496 4.989457
v 52.761753 -32.124096 2.426421
v 52.761753 -32.123692 -0.136616
v 52.761753 -32.123287 -2.699653
v 52.761753 -32.122883 -5.262689
v 59.151550 -32.752228 -5.262788
v 59.151546 -50.197384 -16.737669
v 249.957474 30.012638 2.669809
v 261.087646 28.077696 2.493201
v 267.757019 26.918249 2.387373
v 267.757019 26.919039 -2.642025
v 249.957474 30.013519 -2.923487
v 267.757019 19.247147 -10.906443
v 263.913086 19.232418 -11.167410
v 249.957474 19.178936 -12.114874
v 249.957474 20.738132 -10.062708
v 267.757019 20.351179 -9.061213
v 267.757019 -28.280241 2.378688
v 261.007782 -29.453606 2.485412
v 249.957474 -31.374718 2.660150
v 249.957474 -31.373837 -2.933146
v 267.757019 -28.279451 -2.650710
v 264.015381 8.281011 -11.162188
v 267.757019 8.074660 -10.908200
v 267.757019 0.009408 -10.909470
v 263.899536 0.026175 -11.171352
v 249.957474 0.086774 -12.117878
v 249.957474 9.056304 -12.116467
v 263.913086 19.232418 -11.167410
v 267.757019 19.247147 -10.906443
v 249.957474 19.178936 -12.114874
v 267.757019 -8.034637 -10.910735
v 267.757019 -19.904135 -10.912602
v 263.886658 -19.917940 -11.175364
v 249.957474 -19.967627 -12.121034
v 249.957474 -8.859171 -12.119286
v 263.886658 -19.917940 -11.175364
v 267.757019 -19.904135 -10.912602
v 267.757019 -20.933331 -9.067710
v 267.757019 -28.279451 -2.650710
v 249.957474 -31.373837 -2.933146
v 249.957474 -21.369238 -10.069333
v 249.957474 -19.967627 -12.121034
v 100.932381 -27.910028 2.478367
v 104.938293 -20.317007 9.282497
v 104.938293 -20.314043 -9.552013
v 100.932381 -27.909206 -2.750273
v 112.794342 -31.885015 2.706565
v 112.794350 -21.581472 9.964619
v 104.938293 -20.317007 9.282497
v 100.932381 -27.910028 2.478367
v 271.160431 -26.156338 -2.456926
v 271.160431 -16.910490 -8.379893
v 271.160431 -16.913084 8.111449
v 271.160431 -26.157068 2.185572
v 267.757019 -28.279451 -2.650710
v 267.757019 -20.933331 -9.067710
v 269.398285 -16.910490 -8.379893
v 269.398285 -26.156338 -2.456926
v 100.927788 28.041496 2.388130
v 112.794357 30.522957 2.716385
v 112.794357 30.523851 -2.969903
v 100.927788 28.042288 -2.642428
v 269.398285 -26.157068 2.185572
v 267.757019 -28.280241 2.378688
v 267.757019 -28.279451 -2.650710
v 269.398285 -26.156338 -2.456926
v 125.067482 22.398218 -13.251430
v 119.740692 21.499758 -11.335545
v 119.740700 33.946564 -3.281220
v 125.067490 39.866463 -3.819672
v 142.672485 22.398216 -13.251430
v 142.672485 39.866463 -3.819672
v 164.129486 22.263294 -12.936489
v 164.129486 38.893330 -3.731160
v 185.586472 22.254984 -12.555912
v 185.586472 37.717464 -3.624208
v 207.043488 22.168243 -11.965374
v 207.043488 35.892845 -3.458248
v 228.500473 21.704990 -11.151795
v 228.500473 33.378922 -3.229591
v 249.957474 30.013519 -2.923487
v 125.067490 39.865299 3.569094
v 142.672485 39.865299 3.569094
v 142.672485 39.866463 -3.819672
v 125.067490 39.866463 -3.819672
v 164.129486 38.892197 3.480276
v 164.129486 38.893330 -3.731160
v 185.586472 37.716362 3.372954
v 185.586472 37.717464 -3.624208
v 207.043488 35.891800 3.206419
v 207.043488 35.892845 -3.458248
v 228.500473 33.377945 2.976973
v 228.500473 33.378922 -3.229591
v 249.957474 30.012638 2.669809
v 249.957474 30.013519 -2.923487
v 125.067482 22.394089 12.995355
v 142.672485 22.394087 12.995355
v 142.672485 39.865299 3.569094
v 125.067490 39.865299 3.569094
v 164.129486 22.259262 12.680372
v 164.129486 38.892197 3.480276
v 185.586472 22.251072 12.299793
v 185.586472 37.716362 3.372954
v 207.043488 22.164518 11.709227
v 207.043488 35.891800 3.206419
v 228.500473 21.701521 10.895503
v 228.500473 33.377945 2.976973
v 249.957474 20.735006 9.806109
v 249.957474 30.012638 2.669809
v 249.957474 0.083002 11.854782
v 249.957474 -8.862943 11.853374
v 263.894226 -8.217049 10.907303
v 263.899536 0.022700 10.908237
v 125.067474 -41.227634 3.556334
v 119.740685 -35.307732 3.017883
v 119.740685 -35.306740 -3.292117
v 125.067474 -41.226471 -3.832432
v 142.672485 -41.227634 3.556334
v 125.067474 -41.227634 3.556334
v 125.067474 -41.226471 -3.832432
v 142.672485 -41.226471 -3.832432
v 164.129486 -40.254509 3.467822
v 164.129486 -40.253376 -3.743613
v 185.586472 -39.078651 3.360870
v 185.586472 -39.077549 -3.636292
v 207.043488 -37.254036 3.194910
v 207.043488 -37.252991 -3.469757
v 228.500473 -34.740120 2.966254
v 228.500473 -34.739143 -3.240310
v 267.757019 26.918249 2.387373
v 269.398285 24.795135 2.193589
v 269.398285 24.795866 -2.448909
v 267.757019 26.919039 -2.642025
v 267.757019 20.348368 8.804496
v 269.398285 16.986391 8.116783
v 269.398285 24.795135 2.193589
v 267.757019 26.918249 2.387373
v 112.794350 21.114733 -10.227815
v 104.909203 20.569412 -9.491814
v 100.927788 28.042288 -2.642428
v 112.794357 30.523851 -2.969903
v 119.740700 33.945572 3.028780
v 119.740700 33.946564 -3.281220
v 112.794350 21.111553 9.971337
v 119.740692 21.496229 11.079187
v 119.740700 33.945572 3.028780
v 112.794357 30.522957 2.716385
v 112.794342 -31.885015 2.706565
v 100.932381 -27.910028 2.478367
v 100.932381 -27.909206 -2.750273
v 112.794342 -31.884121 -2.979723
v 125.067490 39.865299 3.569094
v 125.067490 39.866463 -3.819672
v 269.398285 15.676643 -10.077885
v 269.398285 7.401141 -10.079186
v 228.500473 0.170914 -13.432087
v 228.500473 10.123894 -13.430521
v 207.043488 0.233767 -14.413783
v 207.043488 10.921371 -14.412101
v 185.586472 0.279386 -15.126306
v 185.586472 11.500184 -15.124540
v 164.129486 0.308786 -15.585486
v 164.129486 11.873200 -15.583667
v 142.672485 0.333118 -15.965498
v 142.672485 12.181904 -15.963634
v 125.067482 0.333120 -15.965498
v 125.067482 12.181907 -15.963634
v 119.740692 0.185120 -13.653747
v 119.740692 10.303972 -13.652154
v 112.794350 0.099550 -12.317159
v 112.794350 9.218206 -12.315723
v 109.438271 0.008081 -11.319236
v 108.489265 9.816815 -11.465147
v 108.489265 9.813248 11.205112
v 105.578537 19.309668 11.255898
v 105.578537 19.313250 -11.512944
v 108.489265 9.816815 -11.465147
v 112.794350 9.214372 12.055502
v 112.794350 19.529221 12.057125
v 105.578537 19.309668 11.255898
v 108.489265 9.813248 11.205112
v 112.794350 0.095715 12.054067
v 119.740692 0.180864 13.390681
v 119.740692 10.299717 13.392274
v 125.067482 0.328137 15.702480
v 125.067482 12.176924 15.704345
v 142.672485 0.328134 15.702480
v 142.672485 12.176921 15.704345
v 164.129486 0.303923 15.322461
v 164.129486 11.868337 15.324281
v 185.586472 0.274667 14.863271
v 185.586472 11.495465 14.865036
v 207.043488 0.229272 14.150733
v 207.043488 10.916877 14.152415
v 228.500473 0.166728 13.169018
v 228.500473 10.119708 13.170584
v 249.957474 9.052532 11.856194
v 267.757019 -8.038029 10.645082
v 267.757019 0.006016 10.646348
v 267.757019 8.071269 10.647617
v 269.398285 -0.046804 9.817222
v 269.398285 7.398009 9.818393
v 271.160431 7.401140 -10.079186
v 271.160431 15.676643 -10.077885
v 271.160431 15.673512 9.819695
v 271.160431 7.398009 9.818393
v 267.757019 19.247147 -10.906443
v 267.757019 20.351179 -9.061213
v 269.398285 16.988985 -8.374559
v 269.398285 15.676643 -10.077885
v 228.500473 19.742577 -13.429008
v 207.043488 19.861094 -14.410694
v 185.586472 19.655680 -15.123257
v 164.129486 19.467709 -15.582472
v 142.672485 19.461721 -15.962488
v 125.067482 19.461723 -15.962488
v 119.740692 19.407417 -13.650722
v 112.794350 19.533056 -12.314100
v 105.578537 19.313250 -11.512944
v 104.909203 20.566465 9.235166
v 104.909203 20.569412 -9.491814
v 112.794350 19.529221 12.057125
v 104.909203 20.566465 9.235166
v 105.578537 19.309668 11.255898
v 119.740692 19.403160 13.393706
v 125.067482 19.456739 15.705490
v 142.672485 19.456738 15.705490
v 164.129486 19.462845 15.325476
v 185.586472 19.650959 14.866320
v 207.043488 19.856600 14.153822
v 228.500473 19.738390 13.172097
v 249.957474 19.175163 11.857786
v 249.957474 -19.971399 11.851626
v 249.957474 -21.372364 9.799484
v 263.532928 -21.092489 9.035657
v 263.886658 -19.921415 10.905972
v 267.757019 19.243755 10.649375
v 269.398285 15.673512 9.819695
v 271.160431 16.988985 -8.374559
v 271.160431 16.986391 8.116783
v 269.398285 -0.043673 -10.080358
v 269.398285 -7.468908 -10.081527
v 228.500473 -20.038977 -13.435267
v 228.500473 -9.755894 -13.433649
v 207.043488 -19.921999 -14.416954
v 207.043488 -10.425734 -14.415461
v 185.586472 -20.109715 -15.129514
v 185.586472 -10.911908 -15.128067
v 164.129486 -19.596817 -15.588619
v 164.129486 -11.225219 -15.587301
v 142.672485 -19.548231 -15.968627
v 142.672485 -11.484511 -15.967358
v 125.067482 -19.548229 -15.968627
v 125.067482 -11.484509 -15.967358
v 119.740692 -20.085873 -13.656936
v 119.740692 -9.907125 -13.655334
v 112.794350 -20.134485 -12.320342
v 112.794350 -8.995130 -12.318589
v 105.499435 -19.249954 -11.519011
v 108.489265 -9.774806 -11.523908
v 108.489265 -9.778391 11.257709
v 109.438271 0.004560 11.056115
v 109.438271 0.008081 -11.319236
v 108.489265 -9.774806 -11.523908
v 112.794350 -8.998964 12.052636
v 109.438271 0.004560 11.056115
v 108.489265 -9.778391 11.257709
v 112.794350 -20.138321 12.050883
v 119.740692 -20.090130 13.387492
v 119.740692 -9.911381 13.389093
v 125.067482 -19.553213 15.699351
v 125.067482 -11.489491 15.700621
v 142.672485 -19.553215 15.699351
v 142.672485 -11.489494 15.700621
v 164.129486 -19.601681 15.319328
v 164.129486 -11.230083 15.320646
v 185.586472 -20.114435 14.860063
v 185.586472 -10.916627 14.861509
v 207.043488 -19.926493 14.147562
v 207.043488 -10.430228 14.149055
v 228.500473 -20.043163 13.165837
v 228.500473 -9.760079 13.167456
v 249.957474 -19.971399 11.851626
v 267.757019 -20.936142 8.797999
v 267.757019 -19.907526 10.643215
v 267.757019 -19.907526 10.643215
v 269.398285 -15.618327 9.814771
v 269.398285 -7.472040 9.816052
v 271.160431 -7.468909 -10.081527
v 271.160431 -0.043673 -10.080358
v 271.160431 -0.046804 9.817222
v 271.160431 -7.472040 9.816052
v 269.398285 -15.615196 -10.082808
v 228.500473 -21.845327 -11.158648
v 228.500473 -20.038977 -13.435267
v 207.043488 -22.051605 -11.972332
v 207.043488 -19.921999 -14.416954
v 185.586472 -22.440449 -12.562945
v 185.586472 -20.109715 -15.129514
v 164.129486 -22.135044 -12.943475
v 164.129486 -19.596817 -15.588619
v 142.672485 -22.211996 -13.258449
v 142.672485 -19.548231 -15.968627
v 125.067482 -22.211994 -13.258449
v 125.067482 -19.548229 -15.968627
v 119.740692 -21.956202 -11.342382
v 119.740692 -20.085873 -13.656936
v 112.794350 -21.578293 -10.234533
v 112.794350 -20.134485 -12.320342
v 104.938293 -20.314043 -9.552013
v 105.499435 -19.249954 -11.519011
v 105.499435 -19.253536 11.249831
v 105.499435 -19.249954 -11.519011
v 105.499435 -19.253536 11.249831
v 112.794350 -20.138321 12.050883
v 119.740692 -21.959730 11.072350
v 119.740692 -20.090130 13.387492
v 125.067482 -22.216124 12.988336
v 125.067482 -19.553213 15.699351
v 142.672485 -22.216125 12.988336
v 142.672485 -19.553215 15.699351
v 164.129486 -22.139076 12.673387
v 164.129486 -19.601681 15.319328
v 185.586472 -22.444361 12.292760
v 185.586472 -20.114435 14.860063
v 207.043488 -22.055330 11.702269
v 207.043488 -19.926493 14.147562
v 228.500473 -21.848797 10.888650
v 228.500473 -20.043163 13.165837
v 263.886658 -19.921415 10.905972
v 267.757019 -19.907526 10.643215
v 267.757019 -20.936142 8.797999
v 269.398285 -16.913084 8.111449
v 269.398285 -15.618327 9.814771
v 271.160431 -15.615196 -10.082808
v 271.160431 -15.618327 9.814771
v 263.506439 20.502556 9.043693
v 261.087646 28.077696 2.493201
v 267.757019 19.243755 10.649375
v 267.757019 20.348368 8.804496
v 263.913086 19.228945 10.910340
v 264.015381 8.277538 10.901670
v 263.913086 19.228945 10.910340
v 228.500473 19.742577 -13.429008
v 207.043488 19.861094 -14.410694
v 185.586472 19.655680 -15.123257
v 164.129486 19.467709 -15.582472
v 142.672485 19.461721 -15.962488
v 125.067482 19.461723 -15.962488
v 119.740692 19.407417 -13.650722
v 112.794350 19.533056 -12.314100
v 105.578537 19.313250 -11.512944
v 100.927788 28.041496 2.388130
v 100.927788 28.042288 -2.642428
v 100.927788 28.041496 2.388130
v 119.740692 19.403160 13.393706
v 125.067482 19.456739 15.705490
v 142.672485 19.456738 15.705490
v 164.129486 19.462845 15.325476
v 185.586472 19.650959 14.866320
v 207.043488 19.856600 14.153822
v 228.500473 19.738390 13.172097
v 249.957474 19.175163 11.857786
v 267.757019 26.918249 2.387373
v 267.757019 19.243755 10.649375
v 269.398285 15.673512 9.819695
v 271.160431 24.795866 -2.448909
v 271.160431 24.795135 2.193589
v 267.757019 26.919039 -2.642025
v 269.398285 24.795866 -2.448909
v 267.757019 -19.904135 -10.912602
v 269.398285 -15.615196 -10.082808
v 267.757019 -28.280241 2.378688
v 269.398285 -26.157068 2.185572
v 261.007782 -29.453606 2.485412
v 267.757019 -28.280241 2.378688
v 249.957474 -31.374718 2.660150
v 228.500473 -34.740120 2.966254
v 207.043488 -37.254036 3.194910
v 185.586472 -39.078651 3.360870
v 164.129486 -40.254509 3.467822
v 142.672485 -41.227634 3.556334
v 125.067474 -41.227634 3.556334
v 119.740685 -35.307732 3.017883
v 105.499435 -19.253536 11.249831
v 112.794342 -31.884121 -2.979723
v 100.932381 -27.909206 -2.750273
v 119.740685 -35.306740 -3.292117
v 125.067474 -41.226471 -3.832432
v 142.672485 -41.226471 -3.832432
v 164.129486 -40.253376 -3.743613
v 185.586472 -39.077549 -3.636292
v 207.043488 -37.252991 -3.469757
v 228.500473 -34.739143 -3.240310
v 267.757019 26.919039 -2.642025
v 271.160431 -16.913084 8.111449
v 269.398285 -16.913084 8.111449
v 269.398285 -26.157068 2.185572
v 271.160431 -26.157068 2.185572
v 271.160431 -26.156338 -2.456926
v 269.398285 -26.156338 -2.456926
v 269.398285 -16.910490 -8.379893
v 271.160431 -16.910490 -8.379893
v 271.160431 -26.157068 2.185572
v 269.398285 -26.157068 2.185572
v 269.398285 -26.156338 -2.456926
v 271.160431 -26.156338 -2.456926
v 271.160431 15.673512 9.819695
v 271.160431 7.398009 9.818393
v 271.160431 7.401140 -10.079186
v 271.160431 15.676643 -10.077885
v 271.160431 16.986391 8.116783
v 269.398285 16.986391 8.116783
v 269.398285 15.673512 9.819695
v 271.160431 15.673512 9.819695
v 271.160431 15.676643 -10.077885
v 269.398285 15.676643 -10.077885
v 269.398285 16.988985 -8.374559
v 271.160431 16.988985 -8.374559
v 271.160431 -0.046804 9.817222
v 271.160431 -7.472040 9.816052
v 271.160431 -7.468909 -10.081527
v 271.160431 -0.043673 -10.080358
v 271.160431 -15.618327 9.814771
v 271.160431 -15.615196 -10.082808
v 271.160431 24.795135 2.193589
v 269.398285 24.795135 2.193589
v 271.160431 24.795866 -2.448909
v 269.398285 24.795866 -2.448909
v 269.398285 24.795135 2.193589
v 271.160431 24.795135 2.193589
v 269.398285 24.795866 -2.448909
v 271.160431 24.795866 -2.448909
v 271.160431 -15.618327 9.814771
v 269.398285 -15.618327 9.814771
v 269.398285 -15.615196 -10.082808
v 271.160431 -15.615196 -10.082808
v 150.293686 -41.761616 5.505944
v 145.346558 -19.820158 17.379135
v 145.346558 -19.535521 16.330708
v 150.293686 -41.231033 4.387885
v 165.881836 -41.761616 5.505944
v 160.934723 -19.820160 17.379135
v 145.346558 -19.820158 17.379135
v 150.293686 -41.761616 5.505944
v 165.881836 -41.231495 4.393736
v 160.934723 -19.535522 16.330708
v 160.934723 -19.820160 17.379135
v 165.881836 -41.761616 5.505944
v 150.293686 -41.231033 4.387885
v 145.346558 -19.535521 16.330708
v 160.934723 -19.535522 16.330708
v 165.881836 -41.231495 4.393736
v 150.293686 -41.231033 4.387885
v 150.293686 -41.263416 -4.633447
v 150.293686 -41.793640 -5.751674
v 150.293686 -41.761616 5.505944
v 150.293686 -41.761616 5.505944
v 150.293686 -41.793640 -5.751674
v 165.881836 -41.793644 -5.751674
v 165.881836 -41.761616 5.505944
v 153.019836 19.473652 15.801835
v 148.691376 39.873352 3.583338
v 148.691376 40.403614 4.502114
v 153.019836 19.473486 16.862652
v 137.431671 19.473656 15.801835
v 133.103195 39.873356 3.583338
v 148.691376 39.873352 3.583338
v 153.019836 19.473652 15.801835
v 137.431671 19.473488 16.862652
v 133.103195 40.403618 4.502114
v 133.103195 39.873356 3.583338
v 137.431671 19.473656 15.801835
v 153.019836 19.473486 16.862652
v 148.691376 40.403614 4.502114
v 133.103195 40.403618 4.502114
v 137.431671 19.473488 16.862652
v 145.346558 -19.820158 17.379135
v 145.346558 -19.535521 16.330708
v 148.691376 39.874516 -3.810069
v 148.691376 39.873352 3.583338
v 133.103195 39.873356 3.583338
v 133.103195 39.874519 -3.810069
v 148.691376 40.405067 -4.728679
v 148.691376 39.874516 -3.810069
v 133.103195 40.405067 -4.728679
v 133.103195 40.403618 4.502114
v 148.691376 40.403614 4.502114
v 148.691376 40.405067 -4.728679
v 133.103195 39.874519 -3.810069
v 133.103195 40.405067 -4.728679
v 153.019836 19.479380 -15.957199
v 148.691376 39.874516 -3.810069
v 133.103195 39.874519 -3.810069
v 137.431671 19.479382 -15.957199
v 153.019836 20.009930 -16.875809
v 153.019836 19.479380 -15.957199
v 137.431671 20.009932 -16.875809
v 133.103195 40.405067 -4.728679
v 148.691376 40.405067 -4.728679
v 153.019836 20.009930 -16.875809
v 137.431671 19.479382 -15.957199
v 137.431671 20.009932 -16.875809
v 160.934723 -19.487370 -16.219597
v 145.346558 -19.487368 -16.219597
v 160.934723 -20.017628 -17.162207
v 160.934723 -19.487370 -16.219597
v 145.346558 -20.017626 -17.162207
v 160.934723 -20.017628 -17.162207
v 145.346558 -19.487368 -16.219597
v 145.346558 -20.017626 -17.162207
v 165.881836 -41.263416 -4.633447
v 150.293686 -41.263416 -4.633447
v 165.881836 -41.793644 -5.751674
v 165.881836 -41.263416 -4.633447
v 150.293686 -41.793640 -5.751674
v 165.881836 -41.793644 -5.751674
v 165.881836 -41.231495 4.393736
v 165.881836 -41.263416 -4.633447
v 150.293686 -41.263416 -4.633447
v 150.293686 -41.231033 4.387885
v 202.488205 -38.279587 4.502444
v 195.687912 -19.820070 16.785799
v 195.687912 -19.535439 15.763882
v 202.441986 -37.751053 3.583834
v 218.017044 -36.920994 4.502658
v 211.276077 -19.820072 16.785799
v 195.687912 -19.820070 16.785799
v 202.488205 -38.279587 4.502444
v 217.970871 -36.392914 3.588857
v 211.276077 -19.535440 15.763882
v 211.276077 -19.820072 16.785799
v 218.017044 -36.920994 4.502658
v 202.441986 -37.751053 3.583834
v 195.687912 -19.535439 15.763882
v 211.276077 -19.535440 15.763882
v 217.970871 -36.392914 3.588857
v 202.444931 -37.783558 -3.828301
v 202.491150 -38.311806 -4.747078
v 202.488205 -38.279587 4.502444
v 202.491150 -38.311806 -4.747078
v 218.019989 -36.953205 -4.746864
v 218.017044 -36.920994 4.502658
v 191.332703 19.473648 15.801835
v 183.565704 37.754639 3.583004
v 183.604630 38.283478 4.501780
v 191.332703 19.473480 16.862652
v 175.744537 19.473650 15.801835
v 168.019531 38.898041 3.583184
v 183.565704 37.754639 3.583004
v 191.332703 19.473648 15.801835
v 175.744537 19.473482 16.862652
v 168.058441 39.426872 4.501960
v 168.019531 38.898041 3.583184
v 175.744537 19.473650 15.801835
v 191.332703 19.473480 16.862652
v 183.604630 38.283478 4.501780
v 168.058441 39.426872 4.501960
v 175.744537 19.473482 16.862652
v 183.565704 37.755802 -3.810403
v 183.565704 37.754639 3.583004
v 168.019531 38.898041 3.583184
v 168.019531 38.899204 -3.810223
v 183.604630 38.284931 -4.729013
v 183.565704 37.755802 -3.810403
v 168.058441 39.428326 -4.728833
v 168.058441 39.426872 4.501960
v 183.604630 38.283478 4.501780
v 183.604630 38.284931 -4.729013
v 168.019531 38.899204 -3.810223
v 168.058441 39.428326 -4.728833
v 191.332703 19.479374 -15.957199
v 183.565704 37.755802 -3.810403
v 168.019531 38.899204 -3.810223
v 175.744537 19.479376 -15.957199
v 191.332703 20.009926 -16.875809
v 191.332703 19.479374 -15.957199
v 175.744537 20.009928 -16.875809
v 168.058441 39.428326 -4.728833
v 183.604630 38.284931 -4.729013
v 191.332703 20.009926 -16.875809
v 175.744537 19.479376 -15.957199
v 175.744537 20.009928 -16.875809
v 211.276077 -19.487415 -15.963331
v 195.687912 -19.487413 -15.963331
v 211.276077 -20.017679 -16.882109
v 211.276077 -19.487415 -15.963331
v 195.687912 -20.017675 -16.882109
v 211.276077 -20.017679 -16.882109
v 195.687912 -19.487413 -15.963331
v 195.687912 -20.017675 -16.882109
v 217.973770 -36.424961 -3.828087
v 202.444931 -37.783558 -3.828301
v 218.019989 -36.953205 -4.746864
v 217.973770 -36.424961 -3.828087
v 202.491150 -38.311806 -4.747078
v 218.019989 -36.953205 -4.746864
v 217.970871 -36.392914 3.588857
v 217.973770 -36.424961 -3.828087
v 202.444931 -37.783558 -3.828301
v 202.441986 -37.751053 3.583834
v 154.471390 -41.209908 4.501983
v 165.456650 -19.820066 16.785799
v 165.456650 -19.535435 15.763882
v 154.453506 -40.679653 3.583374
v 170.050705 -40.684666 4.502066
v 181.044830 -19.820068 16.785799
v 165.456650 -19.820066 16.785799
v 154.471390 -41.209908 4.501983
v 170.032837 -40.154873 3.588265
v 181.044830 -19.535437 15.763882
v 181.044830 -19.820068 16.785799
v 170.050705 -40.684666 4.502066
v 154.453506 -40.679653 3.583374
v 165.456650 -19.535435 15.763882
v 181.044830 -19.535437 15.763882
v 170.032837 -40.154873 3.588265
v 154.453506 -40.679653 3.583374
v 154.454651 -40.712265 -3.828762
v 154.472519 -41.242226 -4.747540
v 154.471390 -41.209908 4.501983
v 154.471390 -41.209908 4.501983
v 154.472519 -41.242226 -4.747540
v 170.051834 -40.716988 -4.747457
v 170.050705 -40.684666 4.502066
v 201.912506 19.473434 17.152752
v 212.320374 35.649723 3.099905
v 212.364929 36.178123 3.898705
v 201.912506 19.473253 18.304218
v 186.324326 19.473436 17.152752
v 196.787323 36.959534 3.100111
v 212.320374 35.649723 3.099905
v 201.912506 19.473434 17.152752
v 186.324326 19.473255 18.304218
v 196.831909 37.487934 3.898911
v 196.787323 36.959534 3.100111
v 186.324326 19.473436 17.152752
v 201.912506 19.473253 18.304218
v 212.364929 36.178123 3.898705
v 196.831909 37.487934 3.898911
v 186.324326 19.473255 18.304218
v 186.324326 19.473436 17.152752
v 201.912506 19.473434 17.152752
v 165.456650 -19.820066 16.785799
v 165.456650 -19.535435 15.763882
v 201.912506 19.473253 18.304218
v 186.324326 19.473255 18.304218
v 212.320374 35.650734 -3.327966
v 212.320374 35.649723 3.099905
v 196.787323 36.959534 3.100111
v 196.787323 36.960545 -3.327760
v 212.364929 36.179390 -4.126600
v 212.320374 35.650734 -3.327966
v 196.831909 37.489197 -4.126394
v 196.831909 37.487934 3.898911
v 212.364929 36.178123 3.898705
v 212.364929 36.179390 -4.126600
v 196.787323 36.960545 -3.327760
v 196.831909 37.489197 -4.126394
v 201.912506 19.479588 -17.320259
v 212.320374 35.650734 -3.327966
v 196.787323 36.960545 -3.327760
v 186.324326 19.479589 -17.320259
v 201.912506 20.010151 -18.317375
v 201.912506 19.479588 -17.320259
v 186.324326 20.010153 -18.317375
v 196.831909 37.489197 -4.126394
v 212.364929 36.179390 -4.126600
v 201.912506 20.010151 -18.317375
v 186.324326 19.479589 -17.320259
v 186.324326 20.010153 -18.317375
v 181.044830 -19.487411 -15.963331
v 201.912506 19.479588 -17.320259
v 186.324326 19.479589 -17.320259
v 165.456650 -19.487410 -15.963331
v 181.044830 -20.017675 -16.882109
v 181.044830 -19.487411 -15.963331
v 165.456650 -20.017672 -16.882109
v 186.324326 20.010153 -18.317375
v 201.912506 20.010151 -18.317375
v 181.044830 -20.017675 -16.882109
v 165.456650 -19.487410 -15.963331
v 165.456650 -20.017672 -16.882109
v 170.033966 -40.187027 -3.828679
v 154.454651 -40.712265 -3.828762
v 170.051834 -40.716988 -4.747457
v 170.033966 -40.187027 -3.828679
v 154.472519 -41.242226 -4.747540
v 170.051834 -40.716988 -4.747457
v 170.032837 -40.154873 3.588265
v 170.033966 -40.187027 -3.828679
v 154.454651 -40.712265 -3.828762
v 154.453506 -40.679653 3.583374
vn -0.0124 -0.0878 0.9961
vn -0.0124 0.0868 0.9962
vn -0.0124 -0.0875 -0.9961
vn -0.0124 0.0871 -0.9961
vn -0.0013 0.0868 0.9962
vn -0.0013 -0.0878 0.9961
vn 0.0709 -0.0879 0.9936
vn 0.1121 -0.0876 0.9898
vn 0.1125 -0.0002 0.9937
vn 0.1125 0.0001 -0.9936
vn 0.1125 -0.0873 -0.9898
vn 0.0711 -0.0876 -0.9936
vn -0.0013 0.0871 -0.9962
vn -0.0068 0.0871 -0.9962
vn -0.0087 0.0871 -0.9962
vn 0.0696 0.0874 -0.9937
vn 0.0701 0.0871 0.9937
vn 0.0702 0.0871 0.9937
vn 0.1120 0.0871 0.9899
vn -0.0013 -0.0875 -0.9962
vn -0.0087 -0.0875 -0.9961
vn -0.0069 -0.0875 -0.9961
vn -0.0087 0.0868 0.9962
vn -0.0068 0.0868 0.9962
vn -0.0140 -0.9999 -0.0002
vn -0.0140 0.9999 0.0002
vn -1.0000 -0.0000 -0.0000
vn -0.0448 -0.0877 0.9951
vn -0.0341 -0.0878 0.9956
vn -0.0341 -0.0006 0.9994
vn -0.0448 -0.0004 0.9990
vn 1.0000 -0.0000 -0.0000
vn 0.0337 -0.0875 -0.9956
vn 0.0577 -0.0875 -0.9945
vn 0.0584 -0.0002 -0.9983
vn 0.0337 -0.0001 -0.9994
vn -0.4257 0.9049 0.0001
vn -0.3338 0.9426 0.0001
vn -0.3338 0.9427 0.0001
vn 0.3339 -0.9426 -0.0001
vn 0.4995 -0.8663 -0.0001
vn 0.8368 0.5475 0.0001
vn 0.7504 0.6610 0.0001
vn -0.0338 0.0871 -0.9956
vn -0.0341 -0.0002 -0.9994
vn -0.0448 -0.0001 -0.9990
vn -0.0444 0.0870 -0.9952
vn -0.1844 0.9828 0.0002
vn -0.0338 0.0867 0.9957
vn -0.0180 -0.0005 0.9998
vn -0.0178 0.0868 0.9961
vn -0.3338 -0.9426 -0.0001
vn -0.3338 -0.9427 -0.0001
vn -0.4257 -0.9049 -0.0001
vn -0.0178 0.0871 -0.9960
vn -0.0180 -0.0002 -0.9998
vn -0.0719 0.9974 0.0002
vn -0.0068 -0.0878 0.9961
vn -0.0087 -0.0878 0.9961
vn -0.1844 -0.9828 -0.0002
vn -0.0719 -0.9974 -0.0002
vn 0.4995 0.8663 0.0001
vn 0.0583 -0.0005 0.9983
vn 0.0581 0.0870 0.9945
vn 0.7504 -0.6610 -0.0001
vn 0.8368 -0.5475 -0.0001
vn 0.0584 0.0873 -0.9945
vn 0.1118 0.0874 -0.9899
vn 0.3339 0.9426 0.0001
vn 0.0337 -0.0004 0.9994
vn 0.0335 0.0867 0.9957
vn -0.0179 -0.0875 -0.9960
vn -0.0341 -0.0875 -0.9956
vn -0.0448 -0.0874 -0.9952
vn -0.0444 0.0867 0.9952
vn -0.0180 -0.0878 0.9960
vn 0.0576 -0.0878 0.9945
vn 0.0337 -0.0878 0.9956
vn 0.0335 0.0871 -0.9956
vn 0.3071 0.9517 0.0001
vn 0.2172 0.9761 0.0002
vn 0.4094 0.9124 0.0001
vn 0.4094 0.9123 0.0001
vn 0.4412 0.8974 0.0001
vn -0.5533 0.8330 0.0001
vn -0.6052 0.7961 0.0001
vn -0.4992 0.8665 0.0001
vn -0.5619 -0.8272 -0.0001
vn -0.5620 -0.8272 -0.0001
vn -0.4844 -0.8748 -0.0001
vn -0.6346 -0.7729 -0.0001
vn 0.4210 -0.9071 -0.0001
vn 0.4971 -0.8677 -0.0001
vn 0.3033 -0.9529 -0.0002
vn 0.3031 -0.9530 -0.0002
vn 0.2639 -0.9646 -0.0002
vn 0.1994 0.9799 0.0002
vn 0.2640 -0.9645 -0.0002
vn 0.2639 -0.9645 -0.0002
vn -0.3644 -0.9312 -0.0001
vn -0.1463 -0.1662 0.9752
vn -0.1266 -0.2329 0.9642
vn -0.0898 -0.0965 0.9913
vn -0.1458 -0.0835 0.9858
vn -0.4032 -0.9151 -0.0002
vn -0.4411 -0.8974 -0.0001
vn -0.4032 -0.9151 -0.0001
vn 0.7454 0.6666 0.0001
vn 0.8317 0.5552 0.0001
vn 0.7451 0.6669 0.0001
vn 0.4987 -0.8668 -0.0001
vn 0.3341 -0.9426 -0.0001
vn 0.4985 -0.8669 -0.0001
vn -0.3629 -0.9318 -0.0001
vn 0.7439 -0.6683 -0.0001
vn 0.7435 -0.6687 -0.0001
vn 0.1307 0.1772 0.9755
vn -0.0033 -0.0101 0.9999
vn 0.0574 -0.0206 0.9981
vn 0.1544 0.1990 0.9678
vn 0.8271 -0.5620 -0.0001
vn -0.3613 -0.9325 -0.0001
vn -0.0889 -0.2479 0.9647
vn -0.0104 -0.0409 0.9991
vn -0.0167 -0.0480 0.9987
vn -0.0908 -0.2572 0.9621
vn 0.0659 0.0033 0.9978
vn 0.1011 0.3036 0.9474
vn -0.1129 0.0804 0.9903
vn -0.0635 0.0917 0.9938
vn -0.0904 0.2247 0.9702
vn -0.0787 0.1603 0.9839
vn -0.0178 0.0134 0.9998
vn -0.0061 0.0336 0.9994
vn 0.0744 -0.1749 0.9818
vn -0.0323 -0.1867 0.9819
vn 0.0753 0.3752 0.9239
vn -0.1369 -0.1966 0.9709
vn 0.0120 -0.1612 0.9869
vn -0.0028 0.2123 0.9772
vn 0.0433 -0.1501 0.9877
vn 0.0124 -0.3189 0.9477
vn 0.0064 -0.1616 0.9868
vn -0.0140 0.0731 0.9972
vn -0.0945 0.2709 0.9580
vn 0.5021 0.8648 0.0001
vn 0.5019 0.8649 0.0001
vn -0.3629 0.9318 0.0001
vn -0.3613 0.9325 0.0001
vn 0.0705 -0.3751 0.9243
vn 0.0635 -0.0023 0.9980
vn 0.1006 -0.3050 0.9470
vn 0.0705 -0.3752 0.9243
vn 0.0568 0.0215 0.9982
vn 0.1541 -0.2006 0.9675
vn -0.0006 0.0078 1.0000
vn 0.1345 -0.1787 0.9747
vn -0.0184 -0.0193 0.9996
vn 0.0022 -0.2175 0.9761
vn -0.0430 0.0211 0.9989
vn -0.1463 -0.0002 0.9892
vn 0.0687 0.1681 0.9834
vn 0.0581 0.1637 0.9848
vn 0.3448 0.9387 0.0001
vn -0.3997 0.9166 0.0001
vn -0.3644 0.9312 0.0001
vn -0.3996 0.9167 0.0001
vn -0.4344 0.9007 0.0001
vn -0.0862 0.2406 -0.9668
vn -0.0028 0.2126 -0.9771
vn -0.0178 0.0137 -0.9997
vn -0.0061 0.0339 -0.9994
vn -0.0350 -0.0219 0.9991
vn -0.0382 0.1802 0.9829
vn -0.1355 0.1938 0.9717
vn 0.0114 0.1633 0.9865
vn 0.0412 0.1517 0.9876
vn 0.0046 0.1609 0.9870
vn 0.0089 0.3178 0.9481
vn -0.0908 -0.2569 -0.9622
vn -0.0973 -0.2607 -0.9605
vn -0.0313 -0.0692 -0.9971
vn -0.0168 -0.0476 -0.9987
vn -0.0143 0.0409 0.9991
vn 0.0599 -0.1689 0.9838
vn -0.0984 -0.2804 0.9548
vn -0.0252 -0.0799 0.9965
vn 0.0586 0.0831 0.9948
vn 0.0706 -0.0857 0.9938
vn -0.0877 0.2490 0.9645
vn -0.0862 0.2403 0.9669
vn 0.0412 0.0839 -0.9956
vn 0.0581 0.1641 -0.9847
vn -0.4030 -0.9152 -0.0001
vn -0.1146 -0.1268 -0.9853
vn -0.1145 -0.0635 -0.9914
vn -0.0794 -0.0759 -0.9940
vn -0.1096 -0.1936 -0.9750
vn 0.4984 -0.8669 -0.0001
vn 0.1307 0.1775 -0.9754
vn 0.1544 0.1993 -0.9677
vn 0.0574 -0.0203 -0.9981
vn -0.0033 -0.0098 -0.9999
vn -0.0889 -0.2476 -0.9648
vn -0.0104 -0.0406 -0.9991
vn 0.1011 0.3039 -0.9473
vn 0.0659 0.0036 -0.9978
vn -0.0891 0.0615 -0.9941
vn -0.0640 0.1225 -0.9904
vn -0.0827 0.1871 -0.9789
vn -0.0577 0.0723 -0.9957
vn -0.0323 -0.1864 -0.9819
vn 0.0744 -0.1746 -0.9818
vn 0.0753 0.3755 -0.9238
vn -0.1369 -0.1963 -0.9709
vn 0.0120 -0.1609 -0.9869
vn 0.0433 -0.1498 -0.9878
vn 0.0124 -0.3186 -0.9478
vn 0.0064 -0.1613 -0.9869
vn -0.0941 0.2525 -0.9630
vn -0.0204 0.0634 -0.9978
vn 0.0705 -0.3748 -0.9244
vn 0.0705 -0.3749 -0.9244
vn 0.1006 -0.3047 -0.9471
vn 0.0635 -0.0020 -0.9980
vn 0.1541 -0.2003 -0.9675
vn 0.0568 0.0219 -0.9981
vn 0.1345 -0.1784 -0.9747
vn -0.0006 0.0081 -1.0000
vn 0.0022 -0.2172 -0.9761
vn -0.0183 -0.0190 -0.9997
vn -0.1139 0.0002 -0.9935
vn -0.0398 0.0217 -0.9990
vn 0.0687 0.1684 -0.9833
vn 0.0599 -0.1688 -0.9838
vn 0.0533 -0.0858 -0.9949
vn -0.0142 0.0412 -0.9990
vn -0.0317 -0.0218 -0.9993
vn -0.0382 0.1804 -0.9828
vn -0.1355 0.1941 -0.9716
vn 0.0114 0.1637 -0.9865
vn 0.0412 0.1520 -0.9875
vn 0.0046 0.1612 -0.9869
vn 0.0089 0.3181 -0.9480
vn -0.0877 0.2492 -0.9645
vn 0.4471 0.8945 0.0001
vn 0.4111 0.9116 0.0001
vn 0.4112 0.9115 -0.0000
vn 0.3002 0.9539 -0.0010
vn 0.2237 0.9747 -0.0018
vn 0.2238 0.9746 -0.0019
vn 0.2558 -0.9667 -0.0021
vn 0.2558 -0.9667 -0.0022
vn 0.3050 -0.9524 -0.0016
vn 0.3046 -0.9525 -0.0013
vn 1.0000 -0.0000 -0.0078
vn 0.4275 -0.9040 -0.0003
vn 0.4276 -0.9040 -0.0001
vn 0.4991 -0.8666 -0.0001
vn -0.6374 -0.7706 -0.0001
vn -0.5480 -0.8365 -0.0001
vn -0.4518 -0.8921 -0.0001
vn -0.4577 0.8891 0.0001
vn -0.5367 0.8438 0.0001
vn -0.6112 0.7915 0.0001
vn -0.0540 0.5487 -0.8342
vn -0.0000 -0.9721 0.2348
vn 0.1866 -0.9560 0.2265
vn 0.1883 -0.9755 0.1140
vn -0.0000 -0.9930 0.1182
vn 0.1876 -0.9822 -0.0002
vn -0.0000 -1.0000 -0.0002
vn 0.1884 -0.9754 -0.1143
vn -0.0000 -0.9930 -0.1185
vn 0.1866 -0.9559 -0.2268
vn -0.0000 -0.9720 -0.2351
vn -0.0000 0.5493 0.8356
vn -0.1072 0.5387 0.8356
vn -0.0000 1.0000 0.0002
vn -0.1951 0.9808 0.0002
vn -0.1072 0.5390 -0.8355
vn -0.2103 0.5077 -0.8355
vn 0.3686 -0.9072 0.2027
vn 0.3711 -0.9230 0.1019
vn 0.3696 -0.9292 -0.0001
vn 0.3711 -0.9230 -0.1021
vn 0.3686 -0.9071 -0.2030
vn -0.2102 0.5075 0.8356
vn -0.2103 0.5075 0.8356
vn -0.3827 0.9239 0.0001
vn -0.3052 0.4570 -0.8355
vn -0.3052 0.4569 -0.8355
vn 0.5405 -0.8247 0.1663
vn 0.5422 -0.8361 0.0834
vn 0.5401 -0.8416 -0.0001
vn 0.5422 -0.8361 -0.0835
vn 0.5405 -0.8247 -0.1665
vn -0.3052 0.4567 0.8356
vn -0.5556 0.8315 0.0001
vn -0.3885 0.3886 -0.8355
vn 0.6949 -0.7087 0.1222
vn 0.6951 -0.7163 0.0612
vn 0.6927 -0.7212 -0.0001
vn 0.6951 -0.7163 -0.0612
vn 0.6949 -0.7087 -0.1222
vn -0.3885 0.3884 0.8356
vn -0.7071 0.7071 0.0001
vn -0.4568 0.3054 -0.8355
vn 0.8238 -0.5615 0.0771
vn 0.8230 -0.5668 0.0385
vn 0.8209 -0.5711 -0.0001
vn 0.8230 -0.5668 -0.0385
vn 0.8238 -0.5616 -0.0770
vn -0.4568 0.3051 0.8356
vn -0.8314 0.5556 0.0001
vn -0.5076 0.2104 -0.8355
vn 0.8239 -0.5615 0.0771
vn 0.9204 -0.3890 0.0381
vn 0.9195 -0.3926 0.0190
vn 0.8230 -0.5667 0.0385
vn 0.9182 -0.3960 -0.0001
vn 0.9195 -0.3926 -0.0189
vn 0.8230 -0.5667 -0.0385
vn 0.9204 -0.3890 -0.0379
vn 0.8239 -0.5615 -0.0769
vn -0.5076 0.2101 0.8356
vn -0.8315 0.5555 0.0001
vn -0.9239 0.3827 0.0001
vn -0.5389 0.1073 -0.8355
vn 0.9799 -0.1989 0.0117
vn 0.9796 -0.2009 0.0059
vn 0.9792 -0.2028 -0.0000
vn 0.9796 -0.2009 -0.0057
vn 0.9799 -0.1989 -0.0116
vn -0.5389 0.1071 0.8356
vn -0.9808 0.1951 -0.0000
vn -0.5494 0.0001 -0.8356
vn 1.0000 -0.0000 0.0024
vn 1.0000 0.0001 0.0011
vn 1.0000 -0.0001 -0.0011
vn 1.0000 -0.0000 -0.0024
vn -0.5494 -0.0001 0.8356
vn -0.5389 -0.1071 -0.8356
vn 0.9799 0.1989 0.0116
vn 0.9796 0.2009 0.0057
vn 0.9792 0.2028 -0.0000
vn 0.9796 0.2009 -0.0059
vn 0.9799 0.1989 -0.0117
vn -0.5389 -0.1073 0.8355
vn -0.9808 -0.1951 -0.0000
vn -0.5076 -0.2101 -0.8356
vn 0.9204 0.3890 0.0379
vn 0.9195 0.3926 0.0189
vn 0.9182 0.3960 0.0001
vn 0.9195 0.3926 -0.0190
vn 0.9204 0.3890 -0.0381
vn -0.5076 -0.2104 0.8355
vn -0.9239 -0.3827 -0.0001
vn -0.4568 -0.3051 -0.8356
vn 0.8239 0.5615 0.0769
vn 0.8230 0.5667 0.0385
vn 0.8209 0.5711 0.0001
vn 0.8230 0.5667 -0.0385
vn 0.8239 0.5615 -0.0771
vn -0.4568 -0.3054 0.8355
vn -0.8315 -0.5555 -0.0001
vn -0.3885 -0.3884 -0.8356
vn 0.8238 0.5616 0.0770
vn 0.6949 0.7087 0.1222
vn 0.6951 0.7163 0.0612
vn 0.8230 0.5668 0.0385
vn 0.6927 0.7212 0.0001
vn 0.6951 0.7163 -0.0612
vn 0.8230 0.5668 -0.0385
vn 0.6949 0.7087 -0.1222
vn 0.8238 0.5615 -0.0771
vn -0.3885 -0.3886 0.8355
vn -0.8314 -0.5556 -0.0001
vn -0.7071 -0.7071 -0.0001
vn -0.3052 -0.4567 -0.8356
vn 0.5405 0.8247 0.1665
vn 0.5422 0.8361 0.0835
vn 0.5401 0.8416 0.0001
vn 0.5422 0.8361 -0.0834
vn 0.5405 0.8248 -0.1663
vn -0.3052 -0.4569 0.8355
vn -0.3052 -0.4570 0.8355
vn -0.5556 -0.8315 -0.0001
vn -0.2103 -0.5075 -0.8356
vn -0.2102 -0.5075 -0.8356
vn 0.3686 0.9071 0.2030
vn 0.3711 0.9230 0.1021
vn 0.3696 0.9292 0.0001
vn 0.3711 0.9230 -0.1019
vn 0.3686 0.9072 -0.2027
vn -0.2103 -0.5077 0.8355
vn -0.3827 -0.9239 -0.0001
vn -0.1072 -0.5387 -0.8356
vn 0.1866 0.9559 0.2268
vn 0.1885 0.9754 0.1143
vn 0.1876 0.9822 0.0002
vn 0.1883 0.9755 -0.1140
vn 0.1865 0.9560 -0.2265
vn -0.1072 -0.5390 0.8355
vn -0.1951 -0.9808 -0.0002
vn -0.0000 -0.5493 -0.8356
vn -0.0000 0.9720 0.2351
vn -0.0000 0.9930 0.1185
vn -0.0000 0.9930 -0.1182
vn -0.0000 0.9721 -0.2348
vn -0.0000 -0.5495 0.8355
vn 0.1072 -0.5387 -0.8356
vn -0.1866 0.9559 0.2268
vn -0.1883 0.9754 0.1143
vn -0.1876 0.9822 0.0002
vn -0.1884 0.9755 -0.1140
vn -0.1866 0.9560 -0.2265
vn 0.1072 -0.5390 0.8355
vn 0.1951 -0.9808 -0.0002
vn 0.2103 -0.5075 -0.8356
vn -0.3686 0.9071 0.2030
vn -0.3711 0.9230 0.1021
vn -0.3696 0.9292 0.0001
vn -0.3712 0.9230 -0.1017
vn -0.3686 0.9072 -0.2027
vn 0.2102 -0.5077 0.8355
vn 0.2103 -0.5077 0.8355
vn 0.3827 -0.9239 -0.0001
vn 0.3052 -0.4567 -0.8356
vn -0.5405 0.8247 0.1666
vn -0.5422 0.8361 0.0837
vn -0.5401 0.8416 0.0001
vn -0.5422 0.8361 -0.0833
vn -0.5405 0.8248 -0.1662
vn 0.3052 -0.4570 0.8355
vn 0.5556 -0.8315 -0.0001
vn 0.3885 -0.3884 -0.8356
vn -0.6949 0.7086 0.1224
vn -0.6951 0.7163 0.0614
vn -0.6927 0.7212 0.0001
vn -0.6951 0.7163 -0.0610
vn -0.6949 0.7087 -0.1220
vn 0.3885 -0.3886 0.8355
vn 0.7071 -0.7071 -0.0001
vn 0.4568 -0.3051 -0.8356
vn -0.8238 0.5615 0.0772
vn -0.8230 0.5668 0.0387
vn -0.8209 0.5711 0.0001
vn -0.8230 0.5668 -0.0384
vn -0.8238 0.5616 -0.0768
vn 0.4568 -0.3054 0.8355
vn 0.8314 -0.5556 -0.0001
vn 0.5076 -0.2101 -0.8356
vn -0.8239 0.5615 0.0772
vn -0.9204 0.3890 0.0382
vn -0.9195 0.3926 0.0191
vn -0.8230 0.5667 0.0387
vn -0.9182 0.3960 0.0001
vn -0.9195 0.3926 -0.0188
vn -0.8230 0.5667 -0.0383
vn -0.9205 0.3890 -0.0378
vn -0.8239 0.5615 -0.0768
vn 0.5076 -0.2104 0.8355
vn 0.8315 -0.5555 -0.0001
vn 0.9239 -0.3827 -0.0001
vn 0.5389 -0.1071 -0.8356
vn -0.9799 0.1989 0.0118
vn -0.9796 0.2009 0.0059
vn -0.9792 0.2028 -0.0000
vn -0.9796 0.2009 -0.0057
vn -0.9799 0.1989 -0.0116
vn 0.5389 -0.1073 0.8355
vn 0.9808 -0.1951 -0.0000
vn 0.5494 0.0001 -0.8356
vn -1.0000 -0.0000 0.0024
vn -1.0000 -0.0001 0.0011
vn -1.0000 0.0001 -0.0011
vn -1.0000 -0.0000 -0.0024
vn 0.5494 -0.0001 0.8356
vn 0.5389 0.1073 -0.8355
vn -0.9799 -0.1989 0.0116
vn -0.9796 -0.2009 0.0057
vn -0.9792 -0.2028 -0.0000
vn -0.9796 -0.2009 -0.0059
vn -0.9799 -0.1989 -0.0118
vn 0.5389 0.1071 0.8356
vn 0.9808 0.1951 -0.0000
vn 0.5076 0.2104 -0.8355
vn -0.9205 -0.3890 0.0378
vn -0.9195 -0.3926 0.0188
vn -0.9182 -0.3960 -0.0001
vn -0.9195 -0.3926 -0.0191
vn -0.9204 -0.3890 -0.0382
vn 0.5076 0.2101 0.8356
vn 0.9239 0.3827 0.0001
vn 0.4568 0.3054 -0.8355
vn -0.8239 -0.5615 0.0768
vn -0.8230 -0.5667 0.0383
vn -0.8209 -0.5711 -0.0001
vn -0.8230 -0.5667 -0.0387
vn -0.8239 -0.5615 -0.0772
vn 0.4568 0.3051 0.8356
vn 0.8315 0.5555 0.0001
vn 0.3885 0.3886 -0.8355
vn -0.8238 -0.5616 0.0768
vn -0.6949 -0.7087 0.1220
vn -0.6951 -0.7163 0.0610
vn -0.8230 -0.5668 0.0384
vn -0.6927 -0.7212 -0.0001
vn -0.6951 -0.7163 -0.0614
vn -0.8230 -0.5668 -0.0387
vn -0.6949 -0.7086 -0.1224
vn -0.8238 -0.5615 -0.0772
vn 0.3885 0.3884 0.8356
vn 0.8314 0.5556 0.0001
vn 0.7071 0.7071 0.0001
vn 0.3052 0.4570 -0.8355
vn -0.5405 -0.8248 0.1662
vn -0.5422 -0.8361 0.0833
vn -0.5401 -0.8416 -0.0001
vn -0.5422 -0.8361 -0.0837
vn -0.5405 -0.8247 -0.1666
vn 0.3052 0.4567 0.8356
vn 0.5556 0.8315 0.0001
vn 0.2103 0.5077 -0.8355
vn 0.2102 0.5077 -0.8355
vn -0.3686 -0.9072 0.2027
vn -0.3711 -0.9230 0.1018
vn -0.3696 -0.9292 -0.0001
vn -0.3711 -0.9230 -0.1021
vn -0.3686 -0.9071 -0.2030
vn 0.2103 0.5075 0.8356
vn 0.3827 0.9239 0.0001
vn 0.1072 0.5390 -0.8355
vn -0.1866 -0.9560 0.2265
vn -0.1885 -0.9754 0.1140
vn -0.1876 -0.9822 -0.0002
vn -0.1883 -0.9754 -0.1143
vn -0.1865 -0.9559 -0.2268
vn 0.1072 0.5387 0.8356
vn 0.1951 0.9808 0.0002
vn -0.0000 0.5495 -0.8355
vn 0.1713 0.9852 0.0002
vn 0.0544 0.7844 -0.6179
vn 0.0316 0.8577 -0.5132
vn 0.0374 0.8393 -0.5423
vn 0.0533 0.7984 -0.5998
vn 0.0698 0.7147 -0.6959
vn 0.1713 -0.9852 -0.0002
vn 0.1630 -0.9866 -0.0002
vn 0.0677 0.0002 -0.9977
vn 0.2646 0.0002 -0.9644
vn 0.0644 0.0002 -0.9979
vn 0.1990 0.0002 -0.9800
vn 0.0422 -0.8148 -0.5782
vn 0.0944 -0.7546 -0.6493
vn 0.0362 -0.8727 -0.4869
vn 0.5564 -0.6274 -0.5448
vn 0.5251 -0.6379 -0.5633
vn 0.0686 -0.5922 -0.8028
vn 0.0561 -0.7126 -0.6993
vn -0.8845 0.4666 0.0001
vn -0.1849 -0.5864 0.7887
vn -0.2030 -0.5603 0.8030
vn -0.1771 -0.6975 0.6943
vn -0.1796 -0.7193 0.6711
vn 0.8167 -0.5164 -0.2576
vn 0.5252 -0.6379 -0.5633
vn 0.8620 -0.3583 -0.3587
vn -0.2047 0.9788 0.0002
vn -0.3259 0.9454 0.0001
vn 0.8158 -0.5124 0.2681
vn 0.8158 -0.5125 0.2681
vn -0.2429 0.4757 -0.8454
vn -0.2041 0.5864 -0.7839
vn -0.2944 0.6221 -0.7254
vn -0.3593 0.5080 -0.7829
vn 0.0103 0.4774 -0.8786
vn 0.0087 0.5836 -0.8120
vn 0.0219 0.4859 -0.8737
vn 0.0173 0.5922 -0.8056
vn 0.0303 0.5027 -0.8639
vn 0.0230 0.6089 -0.7929
vn 0.0472 0.5284 -0.8477
vn 0.0383 0.6339 -0.7724
vn 0.0703 0.5639 -0.8228
vn 0.0610 0.6673 -0.7422
vn 0.0852 0.6192 -0.7806
vn 0.0226 0.9997 0.0002
vn 0.0500 0.9987 0.0002
vn 0.0697 0.9976 0.0002
vn 0.1005 0.9949 0.0002
vn 0.1359 0.9907 0.0002
vn 0.1355 0.9908 0.0002
vn 0.1631 0.9866 0.0002
vn -0.2300 0.4787 0.8473
vn -0.1994 0.5870 0.7846
vn 0.0087 0.5833 0.8122
vn 0.0104 0.4772 0.8788
vn 0.0175 0.5919 0.8058
vn 0.0222 0.4856 0.8739
vn 0.0233 0.6087 0.7931
vn 0.0312 0.5025 0.8640
vn 0.0390 0.6337 0.7726
vn 0.0488 0.5281 0.8478
vn 0.0621 0.6671 0.7424
vn 0.0729 0.5635 0.8229
vn 0.0712 0.7096 0.7010
vn 0.0894 0.6128 0.7851
vn 0.0677 -0.0002 0.9977
vn 0.0644 -0.0002 0.9979
vn -0.7434 -0.6689 -0.0001
vn -0.6036 -0.7973 -0.0001
vn 0.0226 -0.9997 -0.0002
vn 0.0500 -0.9987 -0.0002
vn 0.0697 -0.9976 -0.0002
vn 0.1005 -0.9949 -0.0002
vn 0.1355 -0.9908 -0.0002
vn 0.8109 0.5285 -0.2514
vn 0.8109 0.5284 0.2516
vn 0.8109 0.5283 0.2517
vn 0.8416 0.3919 0.3715
vn 0.8416 0.3919 0.3716
vn 0.8108 0.5284 0.2517
vn -0.1877 0.5885 -0.7864
vn -0.1510 0.6959 -0.7021
vn -0.1172 0.7214 -0.6825
vn -0.1334 0.6149 -0.7772
vn -0.6036 0.7973 0.0001
vn -0.1799 0.5896 0.7874
vn -0.1481 0.6955 0.7031
vn -0.2866 0.6237 0.7272
vn -0.3394 0.5138 0.7880
vn -0.3807 -0.9247 -0.0001
vn -0.3808 -0.9247 -0.0001
vn -0.3177 -0.9482 -0.0001
vn -0.7434 0.6689 0.0001
vn 0.2318 0.0002 -0.9728
vn 0.0534 0.0002 -0.9986
vn 0.0394 0.0002 -0.9992
vn 0.0273 0.0002 -0.9996
vn 0.0196 0.0002 -0.9998
vn 0.0089 0.0002 -1.0000
vn -0.2033 0.0002 -0.9791
vn -0.2953 0.0002 -0.9554
vn -0.1935 -0.0135 -0.9810
vn -0.2136 -0.0003 -0.9769
vn -0.1980 -0.0271 -0.9798
vn -0.2381 -0.0007 -0.9712
vn -0.9806 -0.1958 -0.0000
vn -0.9806 -0.1960 -0.0000
vn -0.9236 -0.3834 -0.0001
vn -0.9236 -0.3833 0.0001
vn -0.1970 -0.0183 0.9802
vn -0.1929 -0.0092 0.9812
vn -0.1703 -0.0098 0.9853
vn -0.1516 -0.0195 0.9882
vn -0.2953 -0.0002 0.9554
vn -0.2136 0.0016 0.9769
vn -0.2033 -0.0002 0.9791
vn 0.0089 -0.0002 1.0000
vn 0.0196 -0.0002 0.9998
vn 0.0273 -0.0002 0.9996
vn 0.0394 -0.0002 0.9992
vn 0.0534 -0.0002 0.9986
vn 0.2646 -0.0002 0.9644
vn 0.2318 -0.0002 0.9728
vn 0.8944 0.3690 -0.2529
vn 0.8413 0.3919 -0.3723
vn 0.8413 0.3920 -0.3724
vn 0.0533 0.0002 -0.9986
vn 0.0395 0.0002 -0.9992
vn -0.2034 0.0002 -0.9791
vn -0.2950 0.0002 -0.9555
vn -0.1728 -0.0166 -0.9848
vn -0.1566 -0.0334 -0.9871
vn -0.8826 -0.4702 -0.0001
vn -0.0998 0.8109 0.5766
vn -0.1136 0.7879 0.6053
vn -0.1178 0.7200 0.6839
vn -0.2950 -0.0002 0.9555
vn -0.2032 -0.0002 0.9791
vn 0.0395 -0.0002 0.9992
vn 0.0533 -0.0002 0.9986
vn 0.0466 -0.8499 0.5248
vn 0.0440 -0.8217 0.5683
vn 0.0652 -0.7114 0.6998
vn 0.0709 -0.7481 0.6597
vn 0.2646 -0.0001 0.9644
vn 1.0000 0.0001 -0.0000
vn -0.2953 0.0001 -0.9554
vn -0.1898 0.0091 -0.9818
vn -0.1663 0.0083 -0.9860
vn -0.1904 0.0180 -0.9815
vn -0.1435 0.0165 -0.9895
vn -0.9798 0.2000 -0.0000
vn -1.0000 0.0003 -0.0000
vn -0.1926 0.0268 0.9809
vn -0.1908 0.0133 0.9815
vn -0.2381 0.0033 0.9712
vn -0.1698 0.0148 0.9854
vn 0.0492 -0.8613 0.5057
vn 0.0737 -0.7622 0.6431
vn 0.2645 -0.0001 0.9644
vn 0.0356 -0.7868 -0.6162
vn 0.0500 -0.6676 -0.7428
vn 0.0292 -0.7578 -0.6518
vn 0.0381 -0.6347 -0.7718
vn 0.0147 -0.7391 -0.6734
vn 0.0224 -0.6142 -0.7889
vn 0.0056 -0.7242 -0.6896
vn 0.0124 -0.5983 -0.8012
vn 0.0059 -0.7153 -0.6988
vn 0.0079 -0.5889 -0.8082
vn -0.1213 -0.7243 -0.6787
vn -0.1763 -0.5968 -0.7828
vn -0.1832 -0.7613 -0.6220
vn -0.2662 -0.6334 -0.7266
vn -0.1474 -0.8117 -0.5652
vn -0.1820 -0.6943 -0.6963
vn -0.1700 -0.8277 -0.5348
vn -0.1814 -0.7146 -0.6756
vn -0.9228 0.3853 0.0001
vn -0.1506 0.0298 0.9881
vn -0.1783 -0.7624 0.6220
vn -0.1456 -0.8129 0.5639
vn -0.2525 -0.6366 0.7287
vn -0.1176 -0.7251 0.6786
vn -0.1665 -0.5987 0.7835
vn 0.0059 -0.7155 0.6986
vn 0.0079 -0.5892 0.8079
vn 0.0056 -0.7244 0.6894
vn 0.0128 -0.5986 0.8009
vn 0.0147 -0.7394 0.6731
vn 0.0228 -0.6144 0.7887
vn 0.0294 -0.7580 0.6516
vn 0.0389 -0.6349 0.7716
vn 0.0362 -0.7870 0.6159
vn 0.0520 -0.6678 0.7425
vn 0.9209 -0.3253 0.2147
vn 0.8594 -0.3532 0.3697
vn 0.0697 0.7521 0.6553
vn 0.0944 0.6634 0.7422
vn 0.0438 0.8288 0.5579
vn 0.0464 0.8444 0.5336
vn 0.0723 0.7708 0.6329
vn 0.0507 0.7592 -0.6489
vn 0.0288 0.7287 -0.6842
vn 0.0153 0.7051 -0.7089
vn 0.0126 0.6890 -0.7247
vn 0.0069 0.6806 -0.7326
vn -0.1625 0.6853 -0.7099
vn -0.2237 0.7233 -0.6533
vn -0.1114 0.7893 -0.6038
vn -0.0985 0.8131 -0.5737
vn -0.1334 0.6147 0.7774
vn -0.2286 0.7220 0.6531
vn -0.1659 0.6844 0.7100
vn 0.0069 0.6803 0.7329
vn 0.0125 0.6886 0.7250
vn 0.0151 0.7049 0.7092
vn 0.0282 0.7282 0.6848
vn 0.0502 0.7590 0.6492
vn 0.0519 0.7944 0.6052
vn 0.0970 0.6850 0.7221
vn 0.8949 0.3690 0.2510
vn 0.8949 0.3690 0.2511
vn 0.8109 0.5284 -0.2515
vn 0.8108 0.5285 -0.2515
vn 0.9214 -0.3253 -0.2126
vn 1.0000 -0.0001 -0.0000
vn 0.8158 -0.5124 0.2682
vn 0.0932 -0.6245 0.7754
vn 0.0962 -0.6407 0.7617
vn 0.0844 -0.5798 0.8104
vn 0.0663 -0.5283 0.8464
vn 0.0473 -0.4929 0.8688
vn 0.0302 -0.4717 0.8812
vn 0.0197 -0.4558 0.8898
vn 0.0095 -0.4465 0.8948
vn -0.2112 -0.4523 0.8665
vn -0.3187 -0.4894 0.8118
vn -0.1687 -0.8296 0.5322
vn -0.2109 -0.5547 -0.8049
vn -0.1869 -0.5781 -0.7943
vn -0.3406 -0.4831 -0.8066
vn -0.2269 -0.4484 -0.8645
vn 0.0097 -0.4463 -0.8949
vn 0.0192 -0.4556 -0.8900
vn 0.0295 -0.4715 -0.8814
vn 0.0459 -0.4927 -0.8690
vn 0.0630 -0.5282 -0.8468
vn 0.0867 0.6533 -0.7521
vn -0.0000 -0.5397 0.8419
vn -0.0000 -0.6783 0.7348
vn -0.0000 -0.6781 -0.7350
vn -0.0000 -0.5394 -0.8420
vn -0.0000 -0.0002 1.0000
vn -0.0000 0.0002 -1.0000
vn -0.0000 0.7920 0.6106
vn -0.0000 0.7043 0.7099
vn -0.0000 0.7046 -0.7096
vn -0.0000 0.7922 -0.6103
vn -0.0000 0.7046 -0.7097
vn -0.0000 0.6043 0.7967
vn -0.0000 0.6046 -0.7965
vn -0.0000 -0.7961 0.6052
vn -0.0000 -0.7959 -0.6054
vn -0.9804 -0.1844 -0.0694
vn -0.0000 -0.4759 0.8795
vn -0.0000 -0.2391 0.9710
vn 0.9951 0.0929 0.0344
vn 0.9803 0.1917 0.0477
vn 0.0002 0.4822 -0.8761
vn 0.0003 0.4823 -0.8760
vn 0.0001 0.2423 -0.9702
vn 0.0001 0.2424 -0.9702
vn -0.9951 -0.0930 -0.0342
vn -0.9951 -0.0879 0.0455
vn -0.0000 -1.0000 0.0028
vn 0.9819 0.1893 -0.0084
vn 0.9957 0.0904 -0.0220
vn 0.9957 0.0904 -0.0221
vn -0.0000 -0.2731 -0.9620
vn -0.0000 -0.5138 -0.8579
vn -0.9820 -0.1889 0.0090
vn -0.9957 -0.0899 0.0225
vn -0.0000 0.2699 0.9629
vn -0.0000 0.5085 0.8611
vn -0.9803 -0.1918 -0.0475
vn 0.9959 0.0780 0.0450
vn -0.9959 -0.0780 -0.0450
vn -0.0000 -0.2686 0.9632
vn -0.0000 -0.2686 0.9633
vn -0.0000 -0.5117 0.8592
vn 0.9833 0.1761 0.0461
vn 0.9833 0.1761 0.0462
vn -0.0000 0.2688 -0.9632
vn -0.0000 0.5117 -0.8592
vn -0.9833 -0.1761 -0.0447
vn -0.0000 0.2388 0.9711
vn 0.9816 0.1859 -0.0441
vn -0.0000 -0.2355 -0.9719
vn -0.9815 -0.1859 0.0455
vn -0.0000 0.4697 0.8828
vn 0.9951 0.0879 -0.0455
vn -0.0000 -0.4641 -0.8858
vn -0.0000 1.0000 -0.0035
vn -0.0000 1.0000 -0.0036
vn -0.9809 -0.1885 -0.0489
vn -0.9249 -0.3717 -0.0803
vn 0.0249 -0.5620 0.8268
vn 0.0130 -0.2950 0.9554
vn 0.0130 -0.2949 0.9554
vn 0.9793 0.1954 0.0520
vn 0.9220 0.3782 0.0834
vn 0.9220 0.3782 0.0835
vn -0.0236 0.5646 -0.8250
vn -0.0124 0.2960 -0.9551
vn -0.9818 -0.1785 0.0654
vn -0.9818 -0.1785 0.0655
vn 0.0872 -0.9962 0.0035
vn 0.9193 0.3932 -0.0167
vn 0.9902 0.1308 -0.0492
vn 0.9902 0.1308 -0.0493
vn -0.0109 -0.2867 -0.9580
vn -0.0109 -0.2867 -0.9579
vn -0.0209 -0.5502 -0.8348
vn -0.9232 -0.3841 0.0162
vn -0.9915 -0.1211 0.0484
vn -0.9915 -0.1210 0.0484
vn 0.0103 0.2823 0.9593
vn 0.0198 0.5433 0.8393
vn -0.0734 -0.9973 -0.0002
vn 0.9902 0.1051 0.0924
vn 0.9901 0.1052 0.0924
vn 0.0734 0.9973 0.0002
vn -0.9911 -0.0988 -0.0888
vn -0.9912 -0.0987 -0.0887
vn -0.0104 -0.2858 0.9582
vn -0.0104 -0.2857 0.9583
vn -0.0199 -0.5475 0.8366
vn 0.9252 0.3680 0.0927
vn 0.0108 0.2860 -0.9582
vn 0.0108 0.2861 -0.9581
vn 0.0208 0.5480 -0.8362
vn -0.9281 -0.3620 -0.0866
vn -0.0130 0.2933 0.9559
vn 0.9276 0.3673 -0.0676
vn 0.0124 -0.2937 -0.9558
vn 0.0124 -0.2936 -0.9558
vn -0.9299 -0.3616 0.0668
vn -0.0249 0.5609 0.8275
vn 0.9804 0.1844 -0.0689
vn 0.9804 0.1845 -0.0689
vn 0.0236 -0.5615 -0.8271
vn -0.0871 0.9962 -0.0043
vn -0.0872 0.9962 -0.0044
vn -0.9117 0.3757 0.1662
vn -0.9117 0.3758 0.1662
vn 0.0086 -0.5060 0.8625
vn 0.0087 -0.5060 0.8625
vn 0.0045 -0.2808 0.9598
vn 0.9800 -0.1791 -0.0867
vn 0.8971 -0.4260 -0.1171
vn -0.0084 0.5071 -0.8619
vn -0.0043 0.2799 -0.9600
vn -0.9808 0.1757 0.0848
vn -0.9808 0.1758 0.0848
vn -0.9806 0.1630 -0.1086
vn 0.0337 -0.9994 0.0035
vn 0.8828 -0.4693 0.0194
vn 0.9580 -0.2819 0.0529
vn 0.9580 -0.2820 0.0529
vn -0.0268 -0.6310 -0.7754
vn -0.0268 -0.6310 -0.7753
vn -0.8889 0.4577 -0.0183
vn -0.9616 0.2696 -0.0515
vn -0.9616 0.2695 -0.0515
vn 0.0255 0.6297 0.7764
vn 0.0256 0.6297 0.7764
vn -0.0000 0.0356 -0.9994
vn -0.8988 0.4229 0.1151
vn -0.0000 -0.0386 0.9993
vn -0.0840 -0.9965 -0.0002
vn 0.9639 -0.2436 -0.1071
vn 0.9639 -0.2436 -0.1072
vn 0.0840 0.9965 0.0002
vn -0.9664 0.2358 0.1024
vn -0.0255 -0.6303 0.7759
vn -0.0256 -0.6303 0.7759
vn 0.8953 -0.4332 -0.1040
vn 0.0269 0.6348 -0.7722
vn -0.8995 0.4260 0.0970
vn -0.0045 0.2781 0.9605
vn -0.0045 0.2781 0.9606
vn -0.0000 0.0348 0.9994
vn 0.9031 -0.4150 0.1101
vn 0.0044 -0.2784 -0.9604
vn 0.0044 -0.2785 -0.9604
vn -0.0000 -0.0358 -0.9994
vn -0.9044 0.4121 -0.1110
vn -0.0086 0.5044 0.8634
vn -0.0087 0.5045 0.8634
vn 0.9799 -0.1661 0.1103
vn 0.9799 -0.1661 0.1104
vn 0.0085 -0.5043 -0.8635
vn -0.0337 0.9994 -0.0043
vn -0.0337 0.9994 -0.0044
vt 0.106955 0.830142
vt 0.107007 0.736918
vt 0.016431 0.736918
vt 0.003230 0.837981
vt 0.105360 0.837981
vt 0.198353 0.736918
vt 0.109100 0.837981
vt 0.211554 0.837981
vt 0.325484 0.772949
vt 0.325433 0.679726
vt 0.323838 0.671887
vt 0.221707 0.671887
vt 0.234909 0.772949
vt 0.430032 0.671887
vt 0.327578 0.671887
vt 0.416830 0.772949
vt 0.212285 0.890234
vt 0.125533 0.890234
vt 0.135388 0.907437
vt 0.119782 0.926443
vt 0.212792 0.926443
vt 0.212526 0.907437
vt 0.002499 0.890234
vt 0.088809 0.890234
vt 0.098432 0.866614
vt 0.002829 0.866614
vt 0.094798 0.926443
vt 0.001992 0.926443
vt 0.034557 0.947751
vt 0.107537 0.948557
vt 0.326015 0.561311
vt 0.253035 0.562117
vt 0.220470 0.583425
vt 0.313276 0.583425
vt 0.430432 0.643254
vt 0.335412 0.643254
vt 0.431269 0.583425
vt 0.338260 0.583425
vt 0.353865 0.602431
vt 0.431004 0.602431
vt 0.180227 0.947751
vt 0.316909 0.643254
vt 0.221307 0.643254
vt 0.002258 0.907437
vt 0.080351 0.907437
vt 0.220735 0.602431
vt 0.298829 0.602431
vt 0.116934 0.866614
vt 0.211955 0.866614
vt 0.440359 0.619634
vt 0.438756 0.619634
vt 0.438759 0.643254
vt 0.440357 0.643254
vt 0.448152 0.866614
vt 0.446554 0.866614
vt 0.446552 0.890234
vt 0.448155 0.890234
vt 0.074515 0.186646
vt 0.074483 0.186646
vt 0.074298 0.188745
vt 0.074700 0.188745
vt 0.105284 0.511667
vt 0.035193 0.660653
vt 0.107086 0.660653
vt 0.107383 0.511667
vt 0.375751 0.196206
vt 0.376429 0.196206
vt 0.380318 0.152020
vt 0.371861 0.152020
vt 0.281496 0.511667
vt 0.271184 0.540777
vt 0.325638 0.540777
vt 0.325682 0.511667
vt 0.447370 0.511667
vt 0.447337 0.511667
vt 0.446802 0.660653
vt 0.447905 0.660653
vt 0.439897 0.511667
vt 0.439219 0.511667
vt 0.439140 0.540777
vt 0.439976 0.540777
vt 0.448159 0.926443
vt 0.446548 0.926443
vt 0.446797 0.947751
vt 0.447910 0.947751
vt 0.440363 0.583425
vt 0.438752 0.583425
vt 0.438754 0.602431
vt 0.440361 0.602431
vt 0.398068 0.849214
vt 0.325564 0.849214
vt 0.325861 0.998201
vt 0.327978 0.998201
vt 0.446658 0.736919
vt 0.448049 0.736919
vt 0.179591 0.660653
vt 0.440109 0.849215
vt 0.439006 0.849215
vt 0.439542 0.998201
vt 0.439574 0.998201
vt 0.446558 0.837981
vt 0.448149 0.837981
vt 0.440253 0.772950
vt 0.438863 0.772950
vt 0.440354 0.671887
vt 0.438762 0.671887
vt 0.446936 0.969091
vt 0.447771 0.969091
vt 0.107160 0.969091
vt 0.162078 0.969091
vt 0.440114 0.562117
vt 0.439001 0.562117
vt 0.380555 0.540777
vt 0.398704 0.562117
vt 0.447014 0.998201
vt 0.447693 0.998201
vt 0.107204 0.998201
vt 0.151765 0.998201
vt 0.253670 0.849214
vt 0.323761 0.998201
vt 0.074483 0.190862
vt 0.074515 0.190862
vt 0.109500 0.511667
vt 0.430763 0.619634
vt 0.344011 0.619634
vt 0.307286 0.619634
vt 0.220976 0.619634
vt 0.052706 0.969091
vt 0.063019 0.998201
vt 0.376429 0.107459
vt 0.375751 0.107459
vt 0.370243 0.511667
vt 0.448157 0.907437
vt 0.446550 0.907437
vt 0.734097 0.146528
vt 0.752524 0.146528
vt 0.753096 0.117896
vt 0.733525 0.117896
vt 0.734912 0.170148
vt 0.751709 0.170148
vt 0.735633 0.187352
vt 0.750987 0.187352
vt 0.734336 0.206358
vt 0.752284 0.206358
vt 0.736370 0.228472
vt 0.750251 0.228472
vt 0.708597 0.132121
vt 0.726443 0.132121
vt 0.724460 0.110007
vt 0.710580 0.110007
vt 0.709984 0.151127
vt 0.725055 0.151127
vt 0.709147 0.168331
vt 0.725893 0.168331
vt 0.708428 0.191951
vt 0.726612 0.191951
vt 0.707782 0.220583
vt 0.727257 0.220583
vt 0.753138 0.110056
vt 0.733483 0.110056
vt 0.707692 0.228423
vt 0.727347 0.228423
vt 0.454533 0.768875
vt 0.463450 0.768875
vt 0.463481 0.751469
vt 0.454573 0.751469
vt 0.575488 0.660530
vt 0.545538 0.737834
vt 0.574482 0.737834
vt 0.575622 0.660530
vt 0.418988 0.196206
vt 0.427648 0.196206
vt 0.418777 0.179194
vt 0.410118 0.179194
vt 0.463514 0.732554
vt 0.454762 0.732554
vt 0.697245 0.947870
vt 0.697389 0.926450
vt 0.688637 0.926450
vt 0.688464 0.947870
vt 0.463302 0.689596
vt 0.463248 0.660530
vt 0.454589 0.660530
vt 0.454584 0.689596
vt 0.463183 0.920896
vt 0.463351 0.825129
vt 0.454344 0.825129
vt 0.454348 0.920896
vt 0.463371 0.710407
vt 0.454590 0.710407
vt 0.681724 0.926450
vt 0.618974 0.926096
vt 0.604490 0.949384
vt 0.649634 0.947870
vt 0.463046 0.998201
vt 0.455624 0.998201
vt 0.486045 0.889856
vt 0.520766 0.889856
vt 0.530988 0.859810
vt 0.497803 0.859810
vt 0.601791 0.967318
vt 0.631230 0.969738
vt 0.576077 0.660530
vt 0.576032 0.737834
vt 0.606166 0.737834
vt 0.576216 0.660530
vt 0.067096 0.183440
vt 0.067230 0.183440
vt 0.067230 0.176018
vt 0.067096 0.176018
vt 0.635741 0.907261
vt 0.629812 0.889856
vt 0.593285 0.889921
vt 0.602888 0.906595
vt 0.603698 0.998201
vt 0.620776 0.998201
vt 0.587963 0.924639
vt 0.066641 0.183440
vt 0.066760 0.183440
vt 0.066760 0.176018
vt 0.066641 0.176018
vt 0.576664 0.946949
vt 0.672470 0.907261
vt 0.576136 0.967318
vt 0.576568 0.998201
vt 0.410118 0.122980
vt 0.418777 0.122980
vt 0.427648 0.105902
vt 0.418988 0.105902
vt 0.610650 0.833602
vt 0.643644 0.833602
vt 0.697177 0.969738
vt 0.688458 0.969738
vt 0.066502 0.183440
vt 0.066502 0.176018
vt 0.697057 0.737834
vt 0.696921 0.660530
vt 0.689498 0.660530
vt 0.688222 0.737834
vt 0.427648 0.163476
vt 0.418988 0.151188
vt 0.547485 0.998201
vt 0.549888 0.967318
vt 0.520171 0.969135
vt 0.530473 0.998201
vt 0.546799 0.949384
vt 0.502531 0.948324
vt 0.533201 0.926096
vt 0.469936 0.926176
vt 0.514844 0.907261
vt 0.479233 0.907261
vt 0.575326 0.737834
vt 0.575749 0.660530
vt 0.558145 0.889921
vt 0.569793 0.861137
vt 0.697123 0.998201
vt 0.688464 0.998201
vt 0.697355 0.907261
vt 0.697325 0.889856
vt 0.688407 0.889856
vt 0.688447 0.907261
vt 0.899533 0.768875
vt 0.906345 0.751469
vt 0.869615 0.751469
vt 0.863686 0.768875
vt 0.066969 0.176018
vt 0.066969 0.183440
vt 0.575460 0.737834
vt 0.575958 0.660530
vt 0.549811 0.906595
vt 0.563743 0.924639
vt 0.575228 0.946949
vt 0.574927 0.967318
vt 0.575491 0.998201
vt 0.427648 0.137715
vt 0.418988 0.150110
vt 0.931074 0.889856
vt 0.931113 0.859810
vt 0.922209 0.859810
vt 0.922156 0.889856
vt 0.946704 0.798921
vt 0.946666 0.768875
vt 0.937748 0.768875
vt 0.937801 0.798921
vt 0.731677 0.798921
vt 0.741934 0.825129
vt 0.773778 0.825129
vt 0.764862 0.798921
vt 0.619577 0.859810
vt 0.582403 0.861137
vt 0.463398 0.798921
vt 0.454494 0.798921
vt 0.508059 0.833602
vt 0.539904 0.833602
vt 0.575554 0.836029
vt 0.575755 0.836029
vt 0.653900 0.859810
vt 0.688218 0.833602
vt 0.697226 0.833602
vt 0.688368 0.859810
vt 0.697272 0.859810
vt 0.665659 0.889856
vt 0.809426 0.822877
vt 0.803579 0.797418
vt 0.946625 0.751469
vt 0.937717 0.751469
vt 0.809362 0.998201
vt 0.809496 0.998201
vt 0.808356 0.920896
vt 0.779412 0.920896
vt 0.395112 0.196206
vt 0.403983 0.179194
vt 0.395324 0.179194
vt 0.386453 0.196206
vt 0.946436 0.732554
vt 0.937684 0.732554
vt 0.922236 0.947870
vt 0.931017 0.947870
vt 0.930844 0.926450
vt 0.922092 0.926450
vt 0.937896 0.689596
vt 0.946615 0.689596
vt 0.946609 0.660530
vt 0.937950 0.660530
vt 0.938016 0.920896
vt 0.946850 0.920896
vt 0.946854 0.825129
vt 0.937847 0.825129
vt 0.937827 0.710407
vt 0.946608 0.710407
vt 0.915598 0.732281
vt 0.883508 0.710861
vt 0.838364 0.709347
vt 0.852848 0.732635
vt 0.938152 0.998201
vt 0.945574 0.998201
vt 0.719919 0.768875
vt 0.754640 0.768875
vt 0.865104 0.688993
vt 0.835665 0.691413
vt 0.809951 0.998201
vt 0.810090 0.998201
vt 0.840040 0.920896
vt 0.809906 0.920896
vt 0.067096 0.190862
vt 0.067230 0.190862
vt 0.836762 0.752135
vt 0.827159 0.768810
vt 0.854651 0.660530
vt 0.837572 0.660530
vt 0.821837 0.734092
vt 0.066641 0.190862
vt 0.066760 0.190862
vt 0.810538 0.711782
vt 0.810010 0.691413
vt 0.810443 0.660530
vt 0.403983 0.122980
vt 0.395112 0.105902
vt 0.386453 0.105902
vt 0.395324 0.122980
vt 0.877518 0.825129
vt 0.844524 0.825129
vt 0.922304 0.969738
vt 0.931023 0.969738
vt 0.066502 0.190862
vt 0.922424 0.737834
vt 0.931259 0.737834
vt 0.929983 0.660530
vt 0.922560 0.660530
vt 0.395112 0.151188
vt 0.386453 0.163476
vt 0.781359 0.660530
vt 0.764347 0.660530
vt 0.754045 0.689596
vt 0.783762 0.691413
vt 0.736405 0.710406
vt 0.780674 0.709347
vt 0.703810 0.732554
vt 0.767075 0.732635
vt 0.713107 0.751469
vt 0.748718 0.751469
vt 0.809623 0.998201
vt 0.809200 0.920896
vt 0.792019 0.768810
vt 0.922358 0.998201
vt 0.931017 0.998201
vt 0.922126 0.907261
vt 0.931034 0.907261
vt 0.816365 0.797418
vt 0.809630 0.822877
vt 0.853451 0.798921
vt 0.066969 0.190862
vt 0.809832 0.998201
vt 0.809335 0.920896
vt 0.783685 0.752135
vt 0.797618 0.734092
vt 0.809102 0.711782
vt 0.808801 0.691413
vt 0.809365 0.660530
vt 0.395112 0.150110
vt 0.386453 0.137715
vt 0.887775 0.798921
vt 0.931263 0.833602
vt 0.922255 0.833602
vt 0.679300 0.188069
vt 0.701258 0.188069
vt 0.701311 0.171394
vt 0.679247 0.171394
vt 0.701359 0.142786
vt 0.679198 0.142611
vt 0.701557 0.117327
vt 0.679003 0.117503
vt 0.650314 0.228247
vt 0.672868 0.228423
vt 0.672670 0.202964
vt 0.650508 0.203139
vt 0.033344 0.198619
vt 0.033342 0.221173
vt 0.033546 0.221173
vt 0.033546 0.198619
vt 0.672622 0.174356
vt 0.650558 0.174356
vt 0.672569 0.157681
vt 0.650611 0.157681
vt 0.672324 0.139638
vt 0.650856 0.139638
vt 0.672547 0.117327
vt 0.650633 0.117327
vt 0.679322 0.228423
vt 0.701236 0.228423
vt 0.701013 0.206112
vt 0.679545 0.206112
vt 0.025771 0.199258
vt 0.025771 0.221173
vt 0.027206 0.221173
vt 0.027206 0.199258
vt 0.607187 0.626974
vt 0.596359 0.625908
vt 0.590591 0.654904
vt 0.607187 0.656539
vt 0.339720 0.436946
vt 0.339720 0.420351
vt 0.325657 0.420351
vt 0.325657 0.436946
vt 0.311594 0.420351
vt 0.311594 0.436946
vt 0.297531 0.420351
vt 0.297531 0.436946
vt 0.283467 0.420351
vt 0.283467 0.436946
vt 0.430921 0.507676
vt 0.447516 0.506041
vt 0.441748 0.477045
vt 0.430921 0.478111
vt 0.457291 0.150058
vt 0.457291 0.160886
vt 0.461634 0.160886
vt 0.461634 0.150058
vt 0.465977 0.160886
vt 0.465977 0.150058
vt 0.470320 0.160886
vt 0.470320 0.150058
vt 0.474663 0.160886
vt 0.474663 0.150058
vt 0.585948 0.622749
vt 0.574634 0.650063
vt 0.339720 0.404393
vt 0.325657 0.404393
vt 0.311594 0.404393
vt 0.297531 0.404393
vt 0.283467 0.404393
vt 0.463474 0.501200
vt 0.452160 0.473886
vt 0.457291 0.171298
vt 0.461634 0.171298
vt 0.465977 0.171298
vt 0.470320 0.171298
vt 0.474663 0.171298
vt 0.576352 0.617620
vt 0.559927 0.642202
vt 0.339720 0.389686
vt 0.325657 0.389686
vt 0.311594 0.389686
vt 0.297531 0.389686
vt 0.283467 0.389686
vt 0.478181 0.493339
vt 0.461755 0.468758
vt 0.457291 0.180893
vt 0.461634 0.180893
vt 0.465977 0.180893
vt 0.470320 0.180893
vt 0.474663 0.180893
vt 0.567942 0.610718
vt 0.547037 0.631623
vt 0.339720 0.376796
vt 0.325657 0.376796
vt 0.311594 0.376796
vt 0.297531 0.376796
vt 0.283467 0.376796
vt 0.491071 0.482760
vt 0.470166 0.461855
vt 0.457291 0.189304
vt 0.461634 0.189304
vt 0.465977 0.189304
vt 0.470320 0.189304
vt 0.474663 0.189304
vt 0.561040 0.602308
vt 0.536458 0.618733
vt 0.339720 0.366217
vt 0.325657 0.366217
vt 0.311594 0.366217
vt 0.297531 0.366217
vt 0.283467 0.366217
vt 0.501650 0.469870
vt 0.477068 0.453445
vt 0.457291 0.196206
vt 0.461634 0.196206
vt 0.465977 0.196206
vt 0.470320 0.196206
vt 0.474663 0.196206
vt 0.555911 0.592712
vt 0.528597 0.604026
vt 0.599439 0.346691
vt 0.599439 0.331985
vt 0.585376 0.330671
vt 0.585376 0.344785
vt 0.571313 0.330671
vt 0.571313 0.344785
vt 0.557249 0.330671
vt 0.557249 0.344785
vt 0.543186 0.331985
vt 0.543186 0.346691
vt 0.509511 0.455163
vt 0.482197 0.443849
vt 0.308501 0.134479
vt 0.308501 0.144074
vt 0.312844 0.144074
vt 0.312844 0.134479
vt 0.317187 0.144074
vt 0.317187 0.134479
vt 0.321531 0.144074
vt 0.321531 0.134479
vt 0.325874 0.144074
vt 0.325874 0.134479
vt 0.552752 0.582301
vt 0.523756 0.588068
vt 0.599439 0.316027
vt 0.585376 0.315357
vt 0.571313 0.315357
vt 0.557249 0.315357
vt 0.543186 0.316027
vt 0.514352 0.439206
vt 0.485355 0.433438
vt 0.308501 0.154486
vt 0.312844 0.154486
vt 0.317187 0.154486
vt 0.321531 0.154486
vt 0.325874 0.154486
vt 0.551686 0.571473
vt 0.522121 0.571473
vt 0.599439 0.299432
vt 0.585376 0.299432
vt 0.571313 0.299432
vt 0.557249 0.299432
vt 0.543186 0.299432
vt 0.515986 0.422610
vt 0.486422 0.422610
vt 0.308501 0.165314
vt 0.312844 0.165314
vt 0.317187 0.165314
vt 0.321531 0.165314
vt 0.325874 0.165314
vt 0.552752 0.560645
vt 0.523756 0.554878
vt 0.599439 0.282836
vt 0.585376 0.283506
vt 0.571313 0.283506
vt 0.557249 0.283506
vt 0.543186 0.282836
vt 0.514352 0.406015
vt 0.485355 0.411782
vt 0.308501 0.176142
vt 0.312844 0.176142
vt 0.317187 0.176142
vt 0.321531 0.176142
vt 0.325874 0.176142
vt 0.555911 0.550234
vt 0.528597 0.538920
vt 0.599439 0.266878
vt 0.585376 0.268192
vt 0.571313 0.268192
vt 0.557249 0.268192
vt 0.543186 0.266878
vt 0.509511 0.390057
vt 0.482197 0.401371
vt 0.308501 0.186553
vt 0.312844 0.186553
vt 0.317187 0.186553
vt 0.321531 0.186553
vt 0.325874 0.186553
vt 0.561040 0.540638
vt 0.536458 0.524213
vt 0.599439 0.252172
vt 0.585376 0.254078
vt 0.571313 0.254078
vt 0.557249 0.254078
vt 0.543186 0.252172
vt 0.501650 0.375350
vt 0.477068 0.391775
vt 0.308501 0.196148
vt 0.312844 0.196148
vt 0.317187 0.196148
vt 0.321531 0.196148
vt 0.325874 0.196148
vt 0.567942 0.532228
vt 0.547037 0.511323
vt 0.277332 0.507676
vt 0.277332 0.497097
vt 0.263269 0.497097
vt 0.263269 0.507676
vt 0.249206 0.497097
vt 0.249206 0.507676
vt 0.235143 0.497097
vt 0.235143 0.507676
vt 0.221080 0.497097
vt 0.221080 0.507676
vt 0.491071 0.362460
vt 0.470166 0.383365
vt 0.433783 0.103911
vt 0.433783 0.110813
vt 0.438126 0.110813
vt 0.438126 0.103911
vt 0.442469 0.110813
vt 0.442469 0.103911
vt 0.446812 0.110813
vt 0.446812 0.103911
vt 0.451155 0.110813
vt 0.451155 0.103911
vt 0.576352 0.525325
vt 0.559927 0.500744
vt 0.277332 0.484206
vt 0.263269 0.484206
vt 0.249206 0.484206
vt 0.235143 0.484206
vt 0.221080 0.484206
vt 0.478181 0.351881
vt 0.461755 0.376463
vt 0.433783 0.119224
vt 0.438126 0.119224
vt 0.442469 0.119224
vt 0.446812 0.119224
vt 0.451155 0.119224
vt 0.585948 0.520197
vt 0.574634 0.492883
vt 0.277332 0.469500
vt 0.263269 0.469500
vt 0.249206 0.469500
vt 0.235143 0.469500
vt 0.221080 0.469500
vt 0.463474 0.344020
vt 0.452160 0.371334
vt 0.433783 0.128819
vt 0.438126 0.128819
vt 0.442469 0.128819
vt 0.446812 0.128819
vt 0.451155 0.128819
vt 0.596359 0.517038
vt 0.590591 0.488042
vt 0.277332 0.453542
vt 0.263269 0.453542
vt 0.249206 0.453542
vt 0.235143 0.453542
vt 0.221080 0.453542
vt 0.447516 0.339179
vt 0.441748 0.368175
vt 0.433783 0.139231
vt 0.438126 0.139231
vt 0.442469 0.139231
vt 0.446812 0.139231
vt 0.451155 0.139231
vt 0.607187 0.515972
vt 0.607187 0.486407
vt 0.277332 0.436946
vt 0.263269 0.436946
vt 0.249206 0.436946
vt 0.235143 0.436946
vt 0.221080 0.436946
vt 0.430921 0.337545
vt 0.430921 0.367109
vt 0.433783 0.150058
vt 0.438126 0.150058
vt 0.442469 0.150058
vt 0.446812 0.150058
vt 0.451155 0.150058
vt 0.618015 0.517038
vt 0.623782 0.488042
vt 0.277332 0.420351
vt 0.263269 0.420351
vt 0.249206 0.420351
vt 0.235143 0.420351
vt 0.221080 0.420351
vt 0.414325 0.339179
vt 0.420093 0.368175
vt 0.433783 0.160886
vt 0.438126 0.160886
vt 0.442469 0.160886
vt 0.446812 0.160886
vt 0.451155 0.160886
vt 0.628426 0.520197
vt 0.639740 0.492883
vt 0.277332 0.404393
vt 0.263269 0.404393
vt 0.249206 0.404393
vt 0.235143 0.404393
vt 0.221080 0.404393
vt 0.398368 0.344020
vt 0.409681 0.371334
vt 0.433783 0.171298
vt 0.438126 0.171298
vt 0.442469 0.171298
vt 0.446812 0.171298
vt 0.451155 0.171298
vt 0.638022 0.525325
vt 0.654447 0.500744
vt 0.277332 0.389686
vt 0.263269 0.389686
vt 0.249206 0.389686
vt 0.235143 0.389686
vt 0.221080 0.389686
vt 0.383661 0.351881
vt 0.400086 0.376463
vt 0.433783 0.180893
vt 0.438126 0.180893
vt 0.442469 0.180893
vt 0.446812 0.180893
vt 0.451155 0.180893
vt 0.646432 0.532228
vt 0.667337 0.511323
vt 0.277332 0.376796
vt 0.263269 0.376796
vt 0.249206 0.376796
vt 0.235143 0.376796
vt 0.221080 0.376796
vt 0.370770 0.362460
vt 0.391676 0.383365
vt 0.433783 0.189304
vt 0.438126 0.189304
vt 0.442469 0.189304
vt 0.446812 0.189304
vt 0.451155 0.189304
vt 0.653334 0.540638
vt 0.677916 0.524213
vt 0.277332 0.366217
vt 0.263269 0.366217
vt 0.249206 0.366217
vt 0.235143 0.366217
vt 0.221080 0.366217
vt 0.360191 0.375350
vt 0.384773 0.391775
vt 0.433783 0.196206
vt 0.438126 0.196206
vt 0.442469 0.196206
vt 0.446812 0.196206
vt 0.451155 0.196206
vt 0.658463 0.550234
vt 0.685777 0.538920
vt 0.537051 0.197828
vt 0.537051 0.183122
vt 0.522988 0.181808
vt 0.522988 0.195922
vt 0.508925 0.181808
vt 0.508925 0.195922
vt 0.494862 0.181808
vt 0.494862 0.195922
vt 0.480799 0.183122
vt 0.480799 0.197828
vt 0.352330 0.390057
vt 0.379644 0.401371
vt 0.284993 0.134479
vt 0.284993 0.144074
vt 0.289336 0.144074
vt 0.289336 0.134479
vt 0.293680 0.144074
vt 0.293680 0.134479
vt 0.298023 0.144074
vt 0.298023 0.134479
vt 0.302366 0.144074
vt 0.302366 0.134479
vt 0.661622 0.560645
vt 0.690618 0.554878
vt 0.537051 0.167164
vt 0.522988 0.166494
vt 0.508925 0.166494
vt 0.494862 0.166494
vt 0.480799 0.167164
vt 0.347490 0.406015
vt 0.376486 0.411782
vt 0.284993 0.154486
vt 0.289336 0.154486
vt 0.293680 0.154486
vt 0.298023 0.154486
vt 0.302366 0.154486
vt 0.662688 0.571473
vt 0.692253 0.571473
vt 0.537051 0.150568
vt 0.522988 0.150568
vt 0.508925 0.150568
vt 0.494862 0.150568
vt 0.480799 0.150568
vt 0.345855 0.422610
vt 0.375420 0.422610
vt 0.284993 0.165314
vt 0.289336 0.165314
vt 0.293680 0.165314
vt 0.298023 0.165314
vt 0.302366 0.165314
vt 0.661622 0.582301
vt 0.690618 0.588068
vt 0.537051 0.133973
vt 0.522988 0.134642
vt 0.508925 0.134642
vt 0.494862 0.134642
vt 0.480799 0.133973
vt 0.347490 0.439206
vt 0.376486 0.433438
vt 0.284993 0.176142
vt 0.289336 0.176142
vt 0.293680 0.176142
vt 0.298023 0.176142
vt 0.302366 0.176142
vt 0.658463 0.592712
vt 0.685777 0.604026
vt 0.537051 0.118015
vt 0.522988 0.119329
vt 0.508925 0.119329
vt 0.494862 0.119329
vt 0.480799 0.118015
vt 0.352330 0.455163
vt 0.379644 0.443849
vt 0.284993 0.186553
vt 0.289336 0.186553
vt 0.293680 0.186553
vt 0.298023 0.186553
vt 0.302366 0.186553
vt 0.653334 0.602308
vt 0.677916 0.618733
vt 0.537051 0.103308
vt 0.522988 0.105215
vt 0.508925 0.105215
vt 0.494862 0.105215
vt 0.480799 0.103308
vt 0.360191 0.469870
vt 0.384773 0.453445
vt 0.284993 0.196149
vt 0.289336 0.196149
vt 0.293680 0.196149
vt 0.298023 0.196149
vt 0.302366 0.196149
vt 0.646432 0.610718
vt 0.667337 0.631623
vt 0.339720 0.507676
vt 0.339720 0.497097
vt 0.325657 0.497097
vt 0.325657 0.507676
vt 0.311594 0.497097
vt 0.311594 0.507676
vt 0.297531 0.497097
vt 0.297531 0.507676
vt 0.283467 0.497097
vt 0.283467 0.507676
vt 0.370770 0.482760
vt 0.391676 0.461855
vt 0.457291 0.103911
vt 0.457291 0.110813
vt 0.461634 0.110813
vt 0.461634 0.103911
vt 0.465977 0.110813
vt 0.465977 0.103911
vt 0.470320 0.110813
vt 0.470320 0.103911
vt 0.474663 0.110813
vt 0.474663 0.103911
vt 0.638022 0.617620
vt 0.654447 0.642202
vt 0.339720 0.484206
vt 0.325657 0.484206
vt 0.311594 0.484206
vt 0.297531 0.484206
vt 0.283467 0.484206
vt 0.383661 0.493339
vt 0.400086 0.468758
vt 0.457291 0.119224
vt 0.461634 0.119224
vt 0.465977 0.119224
vt 0.470320 0.119224
vt 0.474663 0.119224
vt 0.628426 0.622749
vt 0.639740 0.650063
vt 0.339720 0.469499
vt 0.325657 0.469499
vt 0.311594 0.469499
vt 0.297531 0.469499
vt 0.283467 0.469499
vt 0.398368 0.501200
vt 0.409681 0.473886
vt 0.457291 0.128819
vt 0.461634 0.128819
vt 0.465977 0.128819
vt 0.470320 0.128819
vt 0.474663 0.128819
vt 0.618015 0.625908
vt 0.623782 0.654904
vt 0.339720 0.453542
vt 0.325657 0.453542
vt 0.311594 0.453542
vt 0.297531 0.453542
vt 0.283467 0.453542
vt 0.414325 0.506041
vt 0.420093 0.477045
vt 0.457291 0.139231
vt 0.461634 0.139231
vt 0.465977 0.139231
vt 0.470320 0.139231
vt 0.474663 0.139231
vt 0.964275 0.962272
vt 0.954797 0.962272
vt 0.955096 0.981132
vt 0.955275 0.992434
vt 0.963797 0.992434
vt 0.964937 0.373841
vt 0.963066 0.373841
vt 0.963041 0.380355
vt 0.962950 0.404003
vt 0.965593 0.404003
vt 0.708909 0.373849
vt 0.700387 0.373849
vt 0.700206 0.385285
vt 0.699909 0.404011
vt 0.709387 0.404011
vt 0.944484 0.380181
vt 0.944134 0.373841
vt 0.930467 0.373841
vt 0.930495 0.380378
vt 0.930598 0.404003
vt 0.945797 0.404003
vt 0.915439 0.404003
vt 0.916836 0.373841
vt 0.896723 0.373841
vt 0.896699 0.380399
vt 0.896615 0.404003
vt 0.894979 0.373841
vt 0.882533 0.373841
vt 0.877289 0.404003
vt 0.894240 0.404003
vt 0.629306 0.133611
vt 0.620446 0.133611
vt 0.608918 0.146479
vt 0.640834 0.146479
vt 0.739610 0.368081
vt 0.732875 0.388182
vt 0.750336 0.388182
vt 0.752479 0.374870
vt 0.344934 0.196149
vt 0.352801 0.196149
vt 0.362840 0.180483
vt 0.334895 0.180483
vt 0.005306 0.217575
vt 0.005633 0.221173
vt 0.016509 0.208726
vt 0.015345 0.201909
vt 0.963798 0.709736
vt 0.955274 0.709736
vt 0.954718 0.729844
vt 0.964354 0.729844
vt 0.708581 0.371068
vt 0.700715 0.371068
vt 0.998008 0.615633
vt 0.968405 0.615633
vt 0.966883 0.624659
vt 0.987977 0.624659
vt 0.998008 0.585801
vt 0.968405 0.585801
vt 0.996359 0.549441
vt 0.968176 0.549441
vt 0.994366 0.513082
vt 0.968162 0.513082
vt 0.991275 0.476722
vt 0.968016 0.476722
vt 0.987015 0.440362
vt 0.967231 0.440362
vt 0.981312 0.404003
vt 0.965796 0.750642
vt 0.953276 0.750642
vt 0.953276 0.780474
vt 0.965796 0.780474
vt 0.953426 0.816833
vt 0.965646 0.816833
vt 0.953607 0.853193
vt 0.965464 0.853193
vt 0.953889 0.889553
vt 0.965183 0.889553
vt 0.954277 0.925912
vt 0.964795 0.925912
vt 0.854458 0.408979
vt 0.824855 0.408979
vt 0.824855 0.438812
vt 0.854458 0.438812
vt 0.824627 0.475171
vt 0.852809 0.475171
vt 0.824613 0.511531
vt 0.850817 0.511531
vt 0.824466 0.547890
vt 0.847725 0.547890
vt 0.823681 0.584250
vt 0.843465 0.584250
vt 0.822043 0.620609
vt 0.837762 0.620609
vt 0.786946 0.644235
vt 0.787048 0.620609
vt 0.771889 0.620609
vt 0.772983 0.644226
vt 0.710908 0.615641
vt 0.698388 0.615641
vt 0.699302 0.624667
vt 0.709994 0.624667
vt 0.710908 0.585808
vt 0.698388 0.585808
vt 0.710758 0.549449
vt 0.698538 0.549449
vt 0.710576 0.513089
vt 0.698720 0.513089
vt 0.710295 0.476730
vt 0.699001 0.476730
vt 0.709907 0.440370
vt 0.699389 0.440370
vt 0.955602 0.995215
vt 0.963469 0.995215
vt 0.037628 0.171810
vt 0.026752 0.182941
vt 0.027916 0.188638
vt 0.037956 0.175407
vt 0.982177 0.636430
vt 0.966231 0.636430
vt 0.965307 0.649792
vt 0.977972 0.656538
vt 0.954190 0.741615
vt 0.964882 0.741615
vt 0.838627 0.388182
vt 0.822681 0.388182
vt 0.823333 0.399953
vt 0.844427 0.399953
vt 0.709466 0.636438
vt 0.699830 0.636438
vt 0.700218 0.656538
vt 0.709078 0.656538
vt 0.942993 0.371060
vt 0.957016 0.371060
vt 0.947606 0.440362
vt 0.930740 0.440362
vt 0.948957 0.476722
vt 0.930846 0.476722
vt 0.949937 0.513082
vt 0.930923 0.513082
vt 0.950569 0.549441
vt 0.930973 0.549441
vt 0.951092 0.585801
vt 0.931014 0.585801
vt 0.951092 0.615633
vt 0.931014 0.615633
vt 0.947911 0.624659
vt 0.930764 0.624659
vt 0.946071 0.636430
vt 0.930619 0.636430
vt 0.947086 0.643725
vt 0.930465 0.642117
vt 0.644084 0.197536
vt 0.605668 0.197536
vt 0.605585 0.213628
vt 0.644167 0.213628
vt 0.803536 0.380887
vt 0.802521 0.388182
vt 0.820000 0.388182
vt 0.819628 0.375955
vt 0.804361 0.399953
vt 0.787070 0.388182
vt 0.787214 0.399953
vt 0.807543 0.408979
vt 0.787464 0.408979
vt 0.807543 0.438812
vt 0.787464 0.438812
vt 0.807020 0.475171
vt 0.787423 0.475171
vt 0.806388 0.511531
vt 0.787374 0.511531
vt 0.805407 0.547890
vt 0.787296 0.547890
vt 0.804056 0.584250
vt 0.787190 0.584250
vt 0.802247 0.620609
vt 0.786917 0.650771
vt 0.773286 0.650771
vt 0.799443 0.653552
vt 0.800584 0.650771
vt 0.786828 0.653552
vt 0.332009 0.139286
vt 0.365726 0.139286
vt 0.365726 0.125263
vt 0.332009 0.125263
vt 0.057989 0.190862
vt 0.059394 0.184812
vt 0.056267 0.182941
vt 0.055103 0.188638
vt 0.963905 0.440362
vt 0.964105 0.476722
vt 0.963757 0.513082
vt 0.963438 0.549441
vt 0.963428 0.585801
vt 0.963428 0.615633
vt 0.963337 0.624659
vt 0.963550 0.636430
vt 0.963178 0.648658
vt 0.609010 0.215757
vt 0.640743 0.215757
vt 0.821757 0.374820
vt 0.819787 0.399953
vt 0.819878 0.408979
vt 0.819878 0.438812
vt 0.819889 0.475171
vt 0.820207 0.511531
vt 0.820556 0.547890
vt 0.820355 0.584250
vt 0.819400 0.620609
vt 0.753150 0.644213
vt 0.753065 0.620609
vt 0.750691 0.620609
vt 0.751165 0.643613
vt 0.813466 0.653552
vt 0.819516 0.650771
vt 0.362840 0.123039
vt 0.334895 0.123039
vt 0.917795 0.371060
vt 0.930377 0.371060
vt 0.913919 0.440362
vt 0.896494 0.440362
vt 0.912784 0.476722
vt 0.896692 0.476722
vt 0.911959 0.513082
vt 0.896373 0.513082
vt 0.911428 0.549441
vt 0.897242 0.549441
vt 0.910989 0.585801
vt 0.897325 0.585801
vt 0.910989 0.615633
vt 0.897325 0.615633
vt 0.913662 0.624659
vt 0.896414 0.624659
vt 0.915208 0.636430
vt 0.896332 0.636430
vt 0.913887 0.643725
vt 0.897831 0.648792
vt 0.644178 0.164338
vt 0.605574 0.164338
vt 0.605918 0.180915
vt 0.643834 0.180915
vt 0.770337 0.380887
vt 0.771658 0.388182
vt 0.786915 0.382495
vt 0.770113 0.399953
vt 0.752782 0.388182
vt 0.752864 0.399953
vt 0.767439 0.408979
vt 0.753775 0.408979
vt 0.767439 0.438812
vt 0.753775 0.438812
vt 0.767879 0.475171
vt 0.753693 0.475171
vt 0.768410 0.511531
vt 0.752824 0.511531
vt 0.769234 0.547890
vt 0.753142 0.547890
vt 0.770369 0.584250
vt 0.752944 0.584250
vt 0.753173 0.650771
vt 0.751430 0.650771
vt 0.774245 0.653552
vt 0.760441 0.653552
vt 0.332009 0.164484
vt 0.365726 0.164484
vt 0.365726 0.151902
vt 0.332009 0.151902
vt 0.903991 0.371060
vt 0.893433 0.440362
vt 0.893084 0.476722
vt 0.892425 0.513082
vt 0.892942 0.549441
vt 0.892812 0.585801
vt 0.892812 0.615633
vt 0.893246 0.624659
vt 0.893886 0.636430
vt 0.896029 0.649743
vt 0.644167 0.148282
vt 0.605585 0.148282
vt 0.754281 0.375821
vt 0.749696 0.399953
vt 0.749262 0.408979
vt 0.749262 0.438812
vt 0.749392 0.475171
vt 0.748875 0.511531
vt 0.749534 0.547890
vt 0.749884 0.584250
vt 0.003397 0.174265
vt 0.001992 0.181533
vt 0.005119 0.183277
vt 0.006283 0.176460
vt 0.332009 0.178288
vt 0.365726 0.178288
vt 0.821649 0.643569
vt 0.834483 0.639470
vt 0.819491 0.644258
vt 0.821388 0.650771
vt 0.800934 0.644431
vt 0.620614 0.228422
vt 0.629138 0.228422
vt 0.834422 0.368074
vt 0.832519 0.650771
vt 0.023625 0.184812
vt 0.025030 0.190862
vt 0.352801 0.109808
vt 0.344934 0.109808
vt 0.045392 0.171810
vt 0.045064 0.175407
vt 0.019636 0.206983
vt 0.018231 0.199715
vt 0.015994 0.195723
vt 0.016322 0.192126
vt 0.736995 0.639334
vt 0.738983 0.650771
vt 0.733739 0.620609
vt 0.728037 0.584250
vt 0.723777 0.547890
vt 0.720685 0.511531
vt 0.718693 0.475171
vt 0.717044 0.438812
vt 0.717044 0.408979
vt 0.727075 0.399953
vt 0.876425 0.636430
vt 0.883160 0.656531
vt 0.870625 0.624659
vt 0.860593 0.615633
vt 0.860593 0.585801
vt 0.862242 0.549441
vt 0.864235 0.513082
vt 0.867327 0.476722
vt 0.871587 0.440362
vt 0.976069 0.373841
vt 0.742581 0.656538
vt 0.758247 0.656538
vt 0.758247 0.653552
vt 0.742581 0.653552
vt 0.901796 0.368074
vt 0.886131 0.368074
vt 0.886131 0.371060
vt 0.901796 0.371060
vt 0.708581 0.368081
vt 0.700715 0.368081
vt 0.799443 0.656538
vt 0.813466 0.656538
vt 0.957016 0.368074
vt 0.942993 0.368074
vt 0.815690 0.656538
vt 0.815690 0.653552
vt 0.959240 0.368074
vt 0.959240 0.371060
vt 0.774245 0.656538
vt 0.786828 0.656538
vt 0.930377 0.368074
vt 0.917795 0.368074
vt 0.760441 0.656538
vt 0.903991 0.368074
vt 0.828921 0.656538
vt 0.828921 0.653552
vt 0.955602 0.998201
vt 0.963469 0.998201
vt 0.972471 0.368074
vt 0.972471 0.371060
vt 0.178421 0.369343
vt 0.176527 0.368444
vt 0.156413 0.405628
vt 0.158190 0.406110
vt 0.031122 0.364396
vt 0.057537 0.364396
vt 0.049153 0.327212
vt 0.022739 0.327212
vt 0.111860 0.507618
vt 0.113745 0.506720
vt 0.093523 0.469953
vt 0.091746 0.470435
vt 0.126920 0.364395
vt 0.153335 0.364395
vt 0.161718 0.327628
vt 0.135303 0.327628
vt 0.193708 0.369286
vt 0.195603 0.368387
vt 0.259782 0.169734
vt 0.259782 0.196149
vt 0.278858 0.196149
vt 0.278858 0.169734
vt 0.092632 0.403851
vt 0.094430 0.403851
vt 0.115140 0.369286
vt 0.113583 0.368387
vt 0.148715 0.261526
vt 0.175130 0.261526
vt 0.182464 0.226961
vt 0.156050 0.226961
vt 0.159096 0.472212
vt 0.157299 0.472212
vt 0.178250 0.507676
vt 0.179806 0.506777
vt 0.009327 0.260628
vt 0.035741 0.260628
vt 0.028407 0.225164
vt 0.001992 0.225164
vt 0.253646 0.196149
vt 0.253646 0.169734
vt 0.241118 0.169734
vt 0.241118 0.196149
vt 0.127668 0.369286
vt 0.129225 0.368387
vt 0.234983 0.224821
vt 0.234983 0.198406
vt 0.219341 0.198406
vt 0.219341 0.224821
vt 0.193892 0.507676
vt 0.192335 0.506777
vt 0.071888 0.261468
vt 0.098303 0.261468
vt 0.090968 0.226905
vt 0.064553 0.226905
vt 0.148246 0.403849
vt 0.149803 0.402951
vt 0.051862 0.402951
vt 0.078276 0.402951
vt 0.085611 0.368387
vt 0.059196 0.368387
vt 0.214470 0.473112
vt 0.212913 0.472213
vt 0.085300 0.327498
vt 0.111715 0.327498
vt 0.148681 0.469880
vt 0.150278 0.470779
vt 0.038450 0.470779
vt 0.064864 0.470779
vt 0.214944 0.405284
vt 0.213347 0.406183
vt 0.093683 0.364396
vt 0.120098 0.364396
vt 0.129042 0.506777
vt 0.130937 0.507676
vt 0.030067 0.507676
vt 0.056481 0.507676
vt 0.197919 0.198406
vt 0.197909 0.224821
vt 0.213206 0.224821
vt 0.213206 0.198406
vt 0.490473 0.202772
vt 0.488916 0.201877
vt 0.468106 0.233161
vt 0.469838 0.233643
vt 0.682245 0.364090
vt 0.708559 0.361788
vt 0.697136 0.332806
vt 0.670722 0.332806
vt 0.780203 0.228415
vt 0.781751 0.227520
vt 0.761125 0.198951
vt 0.759393 0.199433
vt 0.822580 0.226227
vt 0.848894 0.228529
vt 0.860339 0.197659
vt 0.833924 0.197659
vt 0.503033 0.202715
vt 0.504590 0.201820
vt 0.058385 0.194859
vt 0.058385 0.221173
vt 0.074058 0.221168
vt 0.074058 0.194854
vt 0.759273 0.132849
vt 0.761071 0.132849
vt 0.781781 0.101875
vt 0.780224 0.100978
vt 0.867719 0.131557
vt 0.894134 0.131557
vt 0.907224 0.098645
vt 0.880880 0.100582
vt 0.469784 0.299745
vt 0.467987 0.299745
vt 0.488938 0.333553
vt 0.490494 0.332657
vt 0.636927 0.266222
vt 0.663342 0.266222
vt 0.650246 0.234352
vt 0.623903 0.232414
vt 0.151261 0.222969
vt 0.151261 0.196626
vt 0.138733 0.196626
vt 0.138733 0.222969
vt 0.794309 0.101875
vt 0.795866 0.100978
vt 0.132597 0.222913
vt 0.132597 0.196570
vt 0.116956 0.196570
vt 0.116956 0.222913
vt 0.504579 0.333553
vt 0.503023 0.332657
vt 0.926449 0.131498
vt 0.952864 0.131498
vt 0.939702 0.100525
vt 0.913359 0.098587
vt 0.814888 0.132848
vt 0.816444 0.131949
vt 0.577524 0.383591
vt 0.603939 0.383591
vt 0.616963 0.350683
vt 0.590620 0.352620
vt 0.525158 0.300645
vt 0.523601 0.299746
vt 0.960244 0.197529
vt 0.986659 0.197529
vt 0.814888 0.198878
vt 0.816444 0.199777
vt 0.543730 0.451419
vt 0.570144 0.451419
vt 0.525158 0.232817
vt 0.523601 0.233716
vt 0.971694 0.228529
vt 0.998008 0.226227
vt 0.794320 0.227576
vt 0.795876 0.228472
vt 0.532302 0.480114
vt 0.558616 0.482416
vt 0.039689 0.194854
vt 0.039681 0.221168
vt 0.052249 0.221173
vt 0.052249 0.194859
vt 0.214215 0.229768
vt 0.212659 0.228869
vt 0.191849 0.265119
vt 0.193581 0.265601
vt 0.362743 0.333553
vt 0.389143 0.332663
vt 0.407773 0.297304
vt 0.381358 0.297304
vt 0.949363 0.364025
vt 0.950911 0.363128
vt 0.930285 0.328184
vt 0.928553 0.328666
vt 0.892404 0.363193
vt 0.918804 0.364082
vt 0.900159 0.328249
vt 0.873744 0.328249
vt 0.226775 0.229710
vt 0.228332 0.228812
vt 0.176100 0.196570
vt 0.176100 0.222969
vt 0.191773 0.222968
vt 0.191773 0.196568
vt 0.925990 0.262082
vt 0.927942 0.262082
vt 0.951759 0.234674
vt 0.950405 0.233779
vt 0.838383 0.262147
vt 0.864798 0.262147
vt 0.847068 0.232520
vt 0.820747 0.234740
vt 0.191238 0.331703
vt 0.189286 0.331703
vt 0.213701 0.362225
vt 0.215055 0.361330
vt 0.416719 0.230720
vt 0.443134 0.230720
vt 0.460846 0.202417
vt 0.434524 0.200197
vt 0.110820 0.222913
vt 0.110820 0.196592
vt 0.099928 0.196592
vt 0.099928 0.222913
vt 0.962651 0.234674
vt 0.964005 0.233779
vt 0.093793 0.222913
vt 0.093793 0.196592
vt 0.080194 0.196592
vt 0.080194 0.222913
vt 0.227301 0.362225
vt 0.225947 0.361330
vt 0.769508 0.262089
vt 0.795922 0.262089
vt 0.813559 0.234683
vt 0.787238 0.232463
vt 0.986357 0.262081
vt 0.988047 0.261182
vt 0.275212 0.229763
vt 0.301626 0.229763
vt 0.283821 0.200140
vt 0.257500 0.202359
vt 0.251343 0.332603
vt 0.249653 0.331704
vt 0.734147 0.328119
vt 0.760561 0.328119
vt 0.984047 0.328111
vt 0.985604 0.329010
vt 0.310573 0.297591
vt 0.336987 0.297591
vt 0.248900 0.264775
vt 0.247343 0.265674
vt 0.715504 0.364082
vt 0.741903 0.363192
vt 0.963479 0.363184
vt 0.965036 0.364082
vt 0.329201 0.332663
vt 0.355600 0.333553
vt 0.157404 0.196568
vt 0.157396 0.222967
vt 0.169965 0.222969
vt 0.169965 0.196570
s 0
usemtl jett_lowobj_default2
f 13/15/7 9/16/7 10/17/7
f 13/15/7 10/17/7 11/18/7
f 11/18/7 12/19/7 13/15/7
f 18/20/8 14/16/8 15/15/8
f 18/20/8 15/15/8 16/21/8
f 16/21/8 17/22/8 18/20/8
f 23/23/9 19/24/9 20/25/9
f 23/23/9 20/25/9 21/26/9
f 21/26/9 22/27/9 23/23/9
f 28/28/10 24/29/10 25/24/10
f 28/28/10 25/24/10 26/23/10
f 26/23/10 27/30/10 28/28/10
f 34/31/11 29/32/11 30/33/11
f 34/31/11 30/33/11 31/34/11
f 34/31/11 31/34/11 32/35/11
s 1
f 32/35/11 33/36/11 34/31/11
s 0
f 38/37/12 35/38/12 36/39/12
f 36/39/12 37/40/12 38/37/12
s 1
f 42/41/13 39/42/13 40/43/14
f 40/43/14 41/44/15 42/41/13
f 46/45/16 43/46/17 44/47/18
f 44/47/18 45/48/18 46/45/16
f 50/49/19 47/50/19 48/29/20
f 48/29/20 49/28/21 50/49/19
f 54/51/22 51/52/22 52/53/19
f 52/53/19 53/54/19 54/51/22
f 57/35/23 55/34/24 41/44/15
f 41/44/15 56/55/25 57/35/23
f 61/56/26 58/57/26 59/26/27
f 59/26/27 60/25/28 61/56/26
s 0
f 63/58/12 62/59/12 35/38/12
f 35/38/12 38/37/12 63/58/12
s 1
f 65/60/26 64/61/26 45/48/18
f 45/48/18 44/47/18 65/60/26
f 69/22/29 66/21/30 67/62/11
f 67/62/11 68/63/11 69/22/29
s 0
f 73/64/31 70/65/31 71/66/31
f 71/66/31 72/67/31 73/64/31
f 68/63/11 67/62/11 29/32/11
f 29/32/11 34/31/11 68/63/11
f 77/68/32 74/69/32 75/70/32
f 75/70/32 76/71/32 77/68/32
f 81/72/33 78/73/33 79/74/33
f 79/74/33 80/75/33 81/72/33
s 1
f 85/76/34 82/77/35 83/78/36
f 83/78/36 84/79/37 85/76/34
s 0
f 89/80/38 86/81/38 87/82/38
f 87/82/38 88/83/38 89/80/38
s 1
f 93/84/39 90/85/40 91/86/41
f 91/86/41 92/87/42 93/84/39
f 97/88/43 94/89/43 95/90/44
f 95/90/44 96/91/45 97/88/43
f 101/92/46 98/93/46 99/94/47
f 99/94/47 100/95/47 101/92/46
f 105/96/48 102/97/48 103/98/49
f 103/98/49 104/99/49 105/96/48
s 0
f 109/100/31 106/101/31 107/102/31
f 107/102/31 108/103/31 109/100/31
s 1
f 113/104/50 110/105/51 111/106/52
f 111/106/52 112/107/53 113/104/50
f 96/91/45 95/90/44 114/108/54
f 114/108/54 115/109/54 96/91/45
f 118/110/55 83/78/36 116/16/56
f 116/16/56 117/20/57 118/110/55
f 122/111/58 119/112/59 120/113/60
f 120/113/60 121/114/60 122/111/58
f 124/30/61 123/23/62 110/105/51
f 110/105/51 113/104/50 124/30/61
f 115/109/54 114/108/54 125/115/63
f 125/115/63 126/116/63 115/109/54
f 37/40/12 36/39/12 127/19/64
f 127/19/64 128/18/65 37/40/12
f 130/117/66 129/118/66 119/112/59
f 119/112/59 122/111/58 130/117/66
f 126/116/63 125/115/63 74/69/32
f 74/69/32 77/68/32 126/116/63
f 62/59/12 63/58/12 39/42/13
f 39/42/13 42/41/13 62/59/12
f 132/119/67 131/120/67 129/118/66
f 129/118/66 130/117/66 132/119/67
f 104/99/49 103/98/49 133/121/68
f 133/121/68 134/122/68 104/99/49
f 56/55/25 41/44/15 135/123/69
f 135/123/69 136/124/70 56/55/25
f 140/125/71 137/126/71 138/101/72
f 138/101/72 139/100/72 140/125/71
f 142/127/73 91/86/41 46/45/16
f 46/45/16 141/128/74 142/127/73
f 134/122/68 133/121/68 143/129/75
f 143/129/75 144/130/75 134/122/68
f 136/124/70 135/123/69 145/131/76
f 145/131/76 146/132/77 136/124/70
f 100/95/47 99/94/47 137/126/71
f 137/126/71 140/125/71 100/95/47
f 46/45/16 91/86/41 90/85/40
f 90/85/40 43/46/17 46/45/16
f 110/105/51 123/23/62 147/27/78
f 147/27/78 148/133/79 110/105/51
f 111/106/52 110/105/51 148/133/79
f 148/133/79 149/134/80 111/106/52
s 0
f 80/75/33 79/74/33 150/135/33
f 150/135/33 151/136/33 80/75/33
s 1
f 84/79/37 83/78/36 118/110/55
f 118/110/55 152/137/81 84/79/37
f 116/16/56 83/78/36 82/77/35
f 82/77/35 153/17/82 116/16/56
s 0
f 155/138/19 154/139/19 47/50/19
f 47/50/19 50/49/19 155/138/19
s 1
f 72/67/31 71/66/31 131/120/67
f 131/120/67 132/119/67 72/67/31
s 0
f 58/57/26 61/56/26 156/140/26
f 156/140/26 157/141/26 58/57/26
s 1
f 135/123/69 41/44/15 40/43/14
f 40/43/14 158/142/83 135/123/69
f 145/131/76 135/123/69 158/142/83
f 158/142/83 159/143/84 145/131/76
s 0
f 88/83/38 87/82/38 160/144/38
f 160/144/38 161/145/38 88/83/38
s 1
f 92/87/42 91/86/41 142/127/73
f 142/127/73 162/146/85 92/87/42
s 0
f 108/103/31 107/102/31 70/65/31
f 70/65/31 73/64/31 108/103/31
f 53/54/19 52/53/19 154/139/19
f 154/139/19 155/138/19 53/54/19
f 166/147/32 163/148/32 164/97/32
f 164/97/32 165/96/32 166/147/32
f 76/71/32 75/70/32 163/148/32
f 163/148/32 166/147/32 76/71/32
f 157/141/26 156/140/26 64/61/26
f 64/61/26 65/60/26 157/141/26
s 1
f 141/128/74 46/45/16 51/52/22
f 51/52/22 54/51/22 141/128/74
f 170/149/86 167/150/86 168/151/87
f 168/151/87 169/152/87 170/149/86
f 172/153/88 171/154/89 167/150/86
f 167/150/86 170/149/86 172/153/88
f 174/155/90 173/156/90 171/154/89
f 171/154/89 172/153/88 174/155/90
f 178/157/91 175/158/91 176/156/92
f 176/156/92 177/155/92 178/157/91
f 180/159/93 179/160/93 175/158/91
f 175/158/91 178/157/91 180/159/93
f 184/161/94 181/162/95 182/163/96
f 182/163/96 183/164/96 184/161/94
f 186/165/97 185/166/97 181/162/95
f 181/162/95 184/161/94 186/165/97
f 190/167/98 187/168/98 188/166/99
f 188/166/99 189/165/99 190/167/98
f 192/169/100 191/170/101 187/168/98
f 187/168/98 190/167/98 192/169/100
f 194/171/102 193/172/102 191/170/101
f 191/170/101 192/169/100 194/171/102
f 169/152/87 168/151/87 195/173/103
f 195/173/103 196/174/103 169/152/87
s 0
f 198/175/104 197/176/104 193/172/104
f 193/172/105 194/171/105 198/175/105
f 202/177/106 199/178/106 200/179/106
f 200/179/106 201/180/106 202/177/106
s 1
f 206/181/107 203/182/108 204/183/109
f 204/183/109 205/184/110 206/181/107
s 0
f 210/185/38 207/186/38 208/187/38
f 208/187/38 209/188/38 210/185/38
s 1
f 214/179/111 211/189/112 212/190/112
f 212/190/112 213/180/113 214/179/111
f 218/191/114 215/192/115 216/193/115
f 216/193/115 217/194/116 218/191/114
f 222/195/117 219/196/118 220/197/118
f 220/197/118 221/198/119 222/195/117
f 226/199/120 223/200/106 224/201/106
f 224/201/106 225/202/120 226/199/120
f 228/203/121 222/195/117 221/198/119
f 221/198/119 227/204/122 228/203/121
f 232/205/123 229/206/124 230/207/125
f 230/207/125 231/208/126 232/205/123
f 234/189/127 228/203/121 227/204/122
f 227/204/122 233/190/127 234/189/127
f 236/209/128 226/199/120 225/202/120
f 225/202/120 235/210/128 236/209/128
f 240/211/129 237/212/130 238/213/131
f 238/213/131 239/214/132 240/211/129
f 231/208/126 230/207/125 241/215/133
f 241/215/133 242/216/134 231/208/126
f 246/217/135 243/218/136 244/219/137
f 244/219/137 245/220/138 246/217/135
s 0
f 250/221/33 247/222/33 248/223/33
f 248/223/33 249/224/33 250/221/33
s 1
f 254/225/139 251/226/140 252/227/141
f 252/227/141 253/228/142 254/225/139
f 242/216/134 241/215/133 255/229/143
f 255/229/143 256/230/143 242/216/134
f 229/206/124 254/225/139 253/228/142
f 253/228/142 257/231/144 229/206/124
s 0
f 261/232/33 258/233/33 259/234/33
f 259/234/33 260/235/33 261/232/33
s 1
f 230/207/125 229/206/124 257/231/144
f 257/231/144 262/236/145 230/207/125
f 263/237/146 254/225/139 229/206/124
f 229/206/124 232/205/123 263/237/146
f 241/215/133 230/207/125 262/236/145
f 262/236/145 264/238/147 241/215/133
f 266/229/148 241/215/133 264/238/147
f 264/238/147 265/239/149 266/229/148
s 0
f 270/240/38 267/241/38 268/242/38
f 268/242/38 269/243/38 270/240/38
s 1
f 244/219/137 243/218/136 271/244/150
f 271/244/150 272/245/151 244/219/137
f 274/246/152 218/191/114 217/194/116
f 217/194/116 273/247/153 274/246/152
s 0
f 276/248/33 261/232/33 260/235/33
f 260/235/33 275/249/33 276/248/33
s 1
f 280/250/154 277/251/155 278/252/155
f 278/252/155 279/253/154 280/250/154
s 0
f 209/188/38 208/187/38 281/254/38
f 281/254/38 282/255/38 209/188/38
s 1
f 286/256/156 283/257/157 284/258/158
f 284/258/158 285/259/159 286/256/156
f 283/257/157 287/260/160 288/261/161
f 288/261/161 284/258/158 283/257/157
f 287/260/160 289/262/162 290/263/163
f 290/263/163 288/261/161 287/260/160
f 289/262/162 291/264/164 292/265/165
f 292/265/165 290/263/163 289/262/162
f 291/264/164 237/212/130 240/211/129
f 240/211/129 292/265/165 291/264/164
f 205/184/110 204/183/109 293/266/166
f 293/266/166 294/267/167 205/184/110
f 237/212/130 295/268/168 296/269/169
f 296/269/169 238/213/131 237/212/130
f 298/270/170 274/246/152 273/247/153
f 273/247/153 297/271/170 298/270/170
f 302/272/171 299/273/172 300/274/172
f 300/274/172 301/275/173 302/272/171
f 304/192/174 302/272/171 301/275/173
f 301/275/173 303/193/174 304/192/174
f 308/276/175 305/277/176 306/278/177
f 306/278/177 307/279/178 308/276/175
s 0
f 310/280/33 309/281/33 250/221/33
f 250/221/33 249/224/33 310/280/33
s 1
f 294/267/167 293/266/166 311/282/179
f 311/282/179 312/283/167 294/267/167
f 313/284/180 295/268/168 237/212/130
f 237/212/130 291/264/164 313/284/180
f 314/285/181 313/284/180 291/264/164
f 291/264/164 289/262/162 314/285/181
f 315/286/182 314/285/181 289/262/162
f 289/262/162 287/260/160 315/286/182
f 316/287/183 315/286/182 287/260/160
f 287/260/160 283/257/157 316/287/183
f 318/288/184 316/287/183 283/257/157
f 283/257/157 317/256/185 318/288/184
s 0
f 282/255/38 281/254/38 319/289/38
f 319/289/38 320/290/38 282/255/38
f 320/290/38 319/289/38 267/241/38
f 267/241/38 270/240/38 320/290/38
s 1
f 265/239/149 264/238/147 316/287/183
f 316/287/183 318/288/184 265/239/149
f 264/238/147 262/236/145 315/286/182
f 315/286/182 316/287/183 264/238/147
s 0
f 324/291/172 321/292/172 322/293/172
f 322/293/172 323/294/172 324/291/172
f 328/295/106 325/296/106 326/297/106
f 326/297/106 327/298/106 328/295/106
s 1
f 332/299/186 329/300/187 330/301/188
f 330/301/188 331/302/189 332/299/186
f 312/283/167 311/282/179 243/218/136
f 243/218/136 246/217/135 312/283/167
s 0
f 259/234/33 258/233/33 309/281/33
f 309/281/33 310/280/33 259/234/33
s 1
f 252/227/141 251/226/140 333/303/190
f 333/303/190 334/304/191 252/227/141
s 0
f 224/201/106 223/200/106 335/305/106
f 335/305/106 336/306/106 224/201/106
s 1
f 338/307/192 337/308/193 204/183/109
f 204/183/109 203/182/108 338/307/192
f 337/308/193 339/309/194 293/266/166
f 293/266/166 204/183/109 337/308/193
f 339/309/194 340/310/195 311/282/179
f 311/282/179 293/266/166 339/309/194
f 340/310/195 271/244/150 243/218/136
f 243/218/136 311/282/179 340/310/195
f 272/245/151 271/244/150 333/303/190
f 333/303/190 341/311/196 272/245/151
f 343/312/172 342/313/172 280/250/154
f 280/250/154 279/253/154 343/312/172
s 0
f 345/314/172 344/315/172 342/313/172
f 342/313/172 343/312/172 345/314/172
s 1
f 341/311/196 333/303/190 251/226/140
f 251/226/140 346/316/197 341/311/196
f 334/304/191 333/303/190 271/244/150
f 271/244/150 340/310/195 334/304/191
f 331/302/189 330/301/188 347/317/198
f 347/317/198 348/318/199 331/302/189
f 238/213/131 296/269/169 339/309/194
f 339/309/194 337/308/193 238/213/131
f 239/214/132 238/213/131 337/308/193
f 337/308/193 338/307/192 239/214/132
s 0
f 336/306/106 335/305/106 199/178/106
f 199/178/106 202/177/106 336/306/106
f 300/274/172 299/273/172 344/315/172
f 344/315/172 345/314/172 300/274/172
s 1
f 346/316/197 251/226/140 254/225/139
f 254/225/139 263/237/146 346/316/197
f 325/296/106 349/319/200 350/320/113
f 350/320/113 326/297/106 325/296/106
f 354/321/201 351/322/202 352/323/203
f 352/323/203 353/324/204 354/321/201
s 0
f 358/325/38 355/326/38 356/327/38
f 356/327/38 357/328/38 358/325/38
s 1
f 350/320/113 349/319/200 359/329/112
f 359/329/112 360/330/112 350/320/113
f 364/331/114 361/332/116 362/333/115
f 362/333/115 363/334/115 364/331/114
f 368/335/205 365/336/119 366/337/118
f 366/337/118 367/338/118 368/335/205
f 372/339/120 369/340/120 370/341/106
f 370/341/106 371/342/106 372/339/120
f 374/343/121 373/344/122 365/336/119
f 365/336/119 368/335/205 374/343/121
f 378/345/206 375/346/207 376/347/208
f 376/347/208 377/348/209 378/345/206
f 380/330/127 379/329/127 373/344/122
f 373/344/122 374/343/121 380/330/127
f 382/349/128 381/350/128 369/340/120
f 369/340/120 372/339/120 382/349/128
f 384/351/210 332/299/186 331/302/189
f 331/302/189 383/352/211 384/351/210
f 375/346/207 385/353/212 386/354/213
f 386/354/213 376/347/208 375/346/207
f 390/355/214 387/356/215 388/357/216
f 388/357/216 389/358/217 390/355/214
s 0
f 250/221/33 391/359/33 392/360/33
f 392/360/33 247/222/33 250/221/33
s 1
f 306/278/177 393/361/218 394/362/219
f 394/362/219 307/279/178 306/278/177
f 385/353/212 395/363/220 396/364/220
f 396/364/220 386/354/213 385/353/212
f 377/348/209 397/365/221 393/361/218
f 393/361/218 306/278/177 377/348/209
s 0
f 261/232/33 398/366/33 399/367/33
f 399/367/33 258/233/33 261/232/33
s 1
f 376/347/208 400/368/222 397/365/221
f 397/365/221 377/348/209 376/347/208
f 305/277/176 378/345/206 377/348/209
f 377/348/209 306/278/177 305/277/176
f 386/354/213 401/369/223 400/368/222
f 400/368/222 376/347/208 386/354/213
f 403/364/224 402/370/225 401/369/223
f 401/369/223 386/354/213 403/364/224
s 0
f 407/371/38 404/372/38 405/373/38
f 405/373/38 406/374/38 407/371/38
s 1
f 388/357/216 408/375/226 409/376/227
f 409/376/227 389/358/217 388/357/216
f 411/377/152 410/378/153 361/332/116
f 361/332/116 364/331/114 411/377/152
s 0
f 276/248/33 412/379/33 398/366/33
f 398/366/33 261/232/33 276/248/33
s 1
f 416/380/154 413/381/154 414/382/155
f 414/382/155 415/383/155 416/380/154
s 0
f 355/326/38 417/384/38 418/385/38
f 418/385/38 356/327/38 355/326/38
s 1
f 422/386/228 419/387/229 420/388/230
f 420/388/230 421/389/231 422/386/228
f 421/389/231 420/388/230 423/390/232
f 423/390/232 424/391/233 421/389/231
f 424/391/233 423/390/232 425/392/234
f 425/392/234 426/393/235 424/391/233
f 426/393/235 425/392/234 427/394/236
f 427/394/236 428/395/237 426/393/235
f 428/395/237 427/394/236 384/351/210
f 384/351/210 383/352/211 428/395/237
f 351/322/202 429/396/238 430/397/239
f 430/397/239 352/323/203 351/322/202
f 383/352/211 331/302/189 348/318/199
f 348/318/199 431/398/240 383/352/211
f 433/399/170 432/400/170 410/378/153
f 410/378/153 411/377/152 433/399/170
f 435/401/171 434/402/173 324/291/172
f 324/291/172 323/294/172 435/401/171
f 437/334/174 436/333/174 434/402/173
f 434/402/173 435/401/171 437/334/174
f 440/403/241 438/404/242 409/376/227
f 409/376/227 439/405/243 440/403/241
s 0
f 441/406/33 391/359/33 250/221/33
f 250/221/33 309/281/33 441/406/33
s 1
f 429/396/238 442/407/238 443/408/244
f 443/408/244 430/397/239 429/396/238
f 444/409/245 428/395/237 383/352/211
f 383/352/211 431/398/240 444/409/245
f 445/410/246 426/393/235 428/395/237
f 428/395/237 444/409/245 445/410/246
f 446/411/247 424/391/233 426/393/235
f 426/393/235 445/410/246 446/411/247
f 447/412/248 421/389/231 424/391/233
f 424/391/233 446/411/247 447/412/248
f 449/413/249 448/386/250 421/389/231
f 421/389/231 447/412/248 449/413/249
s 0
f 417/384/38 450/414/38 451/415/38
f 451/415/38 418/385/38 417/384/38
f 450/414/38 407/371/38 406/374/38
f 406/374/38 451/415/38 450/414/38
s 1
f 402/370/225 449/413/249 447/412/248
f 447/412/248 401/369/223 402/370/225
f 401/369/223 447/412/248 446/411/247
f 446/411/247 400/368/222 401/369/223
f 452/416/251 308/276/175 307/279/178
f 307/279/178 439/405/243 452/416/251
s 0
f 321/292/172 453/417/172 454/418/172
f 454/418/172 322/293/172 321/292/172
s 1
f 453/417/172 413/381/154 416/380/154
f 416/380/154 454/418/172 453/417/172
f 442/407/238 390/355/214 389/358/217
f 389/358/217 443/408/244 442/407/238
s 0
f 399/367/33 441/406/33 309/281/33
f 309/281/33 258/233/33 399/367/33
s 1
f 394/362/219 440/403/241 439/405/243
f 439/405/243 307/279/178 394/362/219
s 0
f 370/341/106 328/295/106 327/298/106
f 327/298/106 371/342/106 370/341/106
s 1
f 329/300/187 353/324/204 352/323/203
f 352/323/203 330/301/188 329/300/187
f 330/301/188 352/323/203 430/397/239
f 430/397/239 347/317/198 330/301/188
f 347/317/198 430/397/239 443/408/244
f 443/408/244 438/404/242 347/317/198
f 438/404/242 443/408/244 389/358/217
f 389/358/217 409/376/227 438/404/242
f 408/375/226 452/416/251 439/405/243
f 439/405/243 409/376/227 408/375/226
f 458/419/252 455/420/252 456/421/253
f 456/421/253 457/422/254 458/419/252
f 457/422/254 456/421/253 459/423/255
f 459/423/255 460/424/255 457/422/254
f 460/424/255 459/423/255 461/425/256
f 461/425/256 462/426/257 460/424/255
f 466/427/258 463/428/259 464/429/260
f 464/429/260 465/430/261 466/427/258
s 0
f 470/431/262 467/432/262 468/433/262
f 468/433/262 469/434/262 470/431/262
s 1
f 465/430/261 464/429/260 471/435/263
f 471/435/263 472/436/264 465/430/261
f 472/436/264 471/435/263 473/437/265
f 473/437/265 474/438/265 472/436/264
f 478/438/266 475/437/266 476/439/267
f 476/439/267 477/440/267 478/438/266
f 477/440/267 476/439/267 479/441/268
f 479/441/268 480/442/268 477/440/267
f 484/443/269 481/444/269 482/445/270
f 482/445/270 483/446/270 484/443/269
f 483/446/270 482/445/270 485/420/271
f 485/420/271 486/419/271 483/446/270
s 0
f 490/447/33 487/448/33 488/449/33
f 488/449/33 489/450/33 490/447/33
f 494/451/272 491/452/272 492/453/272
f 492/453/272 493/454/272 494/451/272
s 1
f 498/455/273 495/456/274 496/457/275
f 496/457/275 497/458/276 498/455/273
f 497/458/276 496/457/275 499/459/277
f 499/459/277 500/460/278 497/458/276
f 500/460/278 499/459/277 501/461/279
f 501/461/279 502/462/280 500/460/278
f 502/462/280 501/461/279 503/463/281
f 503/463/281 504/464/282 502/462/280
f 508/465/283 505/466/284 506/467/284
f 506/467/284 507/468/283 508/465/283
f 512/469/285 509/470/286 510/471/286
f 510/471/286 511/472/285 512/469/285
f 511/472/285 510/471/286 513/473/286
f 513/473/286 514/474/285 511/472/285
f 514/474/285 513/473/286 515/475/286
f 515/475/286 516/476/285 514/474/285
f 516/476/285 515/475/286 517/477/286
f 517/477/286 518/478/285 516/476/285
f 522/452/287 519/479/288 520/480/288
f 520/480/288 521/453/287 522/452/287
f 495/456/274 523/481/289 524/482/290
f 524/482/290 496/457/275 495/456/274
f 496/457/275 524/482/290 525/483/291
f 525/483/291 499/459/277 496/457/275
f 499/459/277 525/483/291 526/484/292
f 526/484/292 501/461/279 499/459/277
f 501/461/279 526/484/292 527/485/293
f 527/485/293 503/463/281 501/461/279
f 505/466/284 528/486/294 529/487/295
f 529/487/295 506/467/284 505/466/284
f 509/470/286 530/488/296 531/489/296
f 531/489/296 510/471/286 509/470/286
f 510/471/286 531/489/296 532/490/296
f 532/490/296 513/473/286 510/471/286
f 513/473/286 532/490/296 533/491/296
f 533/491/296 515/475/286 513/473/286
f 515/475/286 533/491/296 534/492/296
f 534/492/296 517/477/286 515/475/286
f 519/479/288 535/493/297 536/494/298
f 536/494/298 520/480/288 519/479/288
f 523/481/289 537/495/299 538/496/300
f 538/496/300 524/482/290 523/481/289
f 524/482/290 538/496/300 539/497/301
f 539/497/301 525/483/291 524/482/290
f 525/483/291 539/497/301 540/498/302
f 540/498/302 526/484/292 525/483/291
f 526/484/292 540/498/302 541/499/303
f 541/499/303 527/485/293 526/484/292
f 528/486/294 542/500/304 543/501/304
f 543/501/304 529/487/295 528/486/294
f 530/488/296 544/502/305 545/503/305
f 545/503/305 531/489/296 530/488/296
f 531/489/296 545/503/305 546/504/305
f 546/504/305 532/490/296 531/489/296
f 532/490/296 546/504/305 547/505/305
f 547/505/305 533/491/296 532/490/296
f 533/491/296 547/505/305 548/506/305
f 548/506/305 534/492/296 533/491/296
f 535/493/297 549/507/306 550/508/306
f 550/508/306 536/494/298 535/493/297
f 537/495/299 551/509/307 552/510/308
f 552/510/308 538/496/300 537/495/299
f 538/496/300 552/510/308 553/511/309
f 553/511/309 539/497/301 538/496/300
f 539/497/301 553/511/309 554/512/310
f 554/512/310 540/498/302 539/497/301
f 540/498/302 554/512/310 555/513/311
f 555/513/311 541/499/303 540/498/302
f 542/500/304 556/514/312 557/515/312
f 557/515/312 543/501/304 542/500/304
f 544/502/305 558/516/313 559/517/313
f 559/517/313 545/503/305 544/502/305
f 545/503/305 559/517/313 560/518/313
f 560/518/313 546/504/305 545/503/305
f 546/504/305 560/518/313 561/519/313
f 561/519/313 547/505/305 546/504/305
f 547/505/305 561/519/313 562/520/313
f 562/520/313 548/506/305 547/505/305
f 549/507/306 563/521/314 564/522/314
f 564/522/314 550/508/306 549/507/306
f 551/509/307 565/523/315 566/524/316
f 566/524/316 552/510/308 551/509/307
f 552/510/308 566/524/316 567/525/317
f 567/525/317 553/511/309 552/510/308
f 553/511/309 567/525/317 568/526/318
f 568/526/318 554/512/310 553/511/309
f 554/512/310 568/526/318 569/527/319
f 569/527/319 555/513/311 554/512/310
f 556/514/312 570/528/320 571/529/320
f 571/529/320 557/515/312 556/514/312
f 558/516/313 572/530/321 573/531/321
f 573/531/321 559/517/313 558/516/313
f 559/517/313 573/531/321 574/532/321
f 574/532/321 560/518/313 559/517/313
f 560/518/313 574/532/321 575/533/321
f 575/533/321 561/519/313 560/518/313
f 561/519/313 575/533/321 576/534/321
f 576/534/321 562/520/313 561/519/313
f 563/521/314 577/535/322 578/536/322
f 578/536/322 564/522/314 563/521/314
f 582/537/323 579/538/324 580/539/325
f 580/539/325 581/540/326 582/537/323
f 581/540/326 580/539/325 583/541/327
f 583/541/327 584/542/317 581/540/326
f 584/542/317 583/541/327 585/543/328
f 585/543/328 586/544/329 584/542/317
f 586/544/329 585/543/328 587/545/330
f 587/545/330 588/546/331 586/544/329
f 570/528/320 589/547/332 590/548/332
f 590/548/332 571/529/320 570/528/320
f 594/549/333 591/550/334 592/551/334
f 592/551/334 593/552/333 594/549/333
f 593/552/333 592/551/334 595/553/334
f 595/553/334 596/554/333 593/552/333
f 596/554/333 595/553/334 597/555/334
f 597/555/334 598/556/333 596/554/333
f 598/556/333 597/555/334 599/557/334
f 599/557/334 600/558/333 598/556/333
f 577/535/322 601/559/335 602/560/335
f 602/560/335 578/536/322 577/535/322
f 579/538/324 603/561/336 604/562/337
f 604/562/337 580/539/325 579/538/324
f 580/539/325 604/562/337 605/563/338
f 605/563/338 583/541/327 580/539/325
f 583/541/327 605/563/338 606/564/339
f 606/564/339 585/543/328 583/541/327
f 585/543/328 606/564/339 607/565/340
f 607/565/340 587/545/330 585/543/328
f 589/547/332 608/566/341 609/567/341
f 609/567/341 590/548/332 589/547/332
f 591/550/334 610/568/342 611/569/342
f 611/569/342 592/551/334 591/550/334
f 592/551/334 611/569/342 612/570/342
f 612/570/342 595/553/334 592/551/334
f 595/553/334 612/570/342 613/571/342
f 613/571/342 597/555/334 595/553/334
f 597/555/334 613/571/342 614/572/342
f 614/572/342 599/557/334 597/555/334
f 601/559/335 615/573/343 616/574/343
f 616/574/343 602/560/335 601/559/335
f 603/561/336 617/575/344 618/576/345
f 618/576/345 604/562/337 603/561/336
f 604/562/337 618/576/345 619/577/38
f 619/577/38 605/563/338 604/562/337
f 605/563/338 619/577/38 620/578/346
f 620/578/346 606/564/339 605/563/338
f 606/564/339 620/578/346 621/579/347
f 621/579/347 607/565/340 606/564/339
f 608/566/341 622/580/348 623/581/348
f 623/581/348 609/567/341 608/566/341
f 610/568/342 624/582/33 625/583/33
f 625/583/33 611/569/342 610/568/342
f 611/569/342 625/583/33 626/584/33
f 626/584/33 612/570/342 611/569/342
f 612/570/342 626/584/33 627/585/33
f 627/585/33 613/571/342 612/570/342
f 613/571/342 627/585/33 628/586/33
f 628/586/33 614/572/342 613/571/342
f 615/573/343 629/587/349 630/588/349
f 630/588/349 616/574/343 615/573/343
f 617/575/344 631/589/350 632/590/351
f 632/590/351 618/576/345 617/575/344
f 618/576/345 632/590/351 633/591/352
f 633/591/352 619/577/38 618/576/345
f 619/577/38 633/591/352 634/592/353
f 634/592/353 620/578/346 619/577/38
f 620/578/346 634/592/353 635/593/354
f 635/593/354 621/579/347 620/578/346
f 622/580/348 636/594/355 637/595/355
f 637/595/355 623/581/348 622/580/348
f 624/582/33 638/596/356 639/597/356
f 639/597/356 625/583/33 624/582/33
f 625/583/33 639/597/356 640/598/356
f 640/598/356 626/584/33 625/583/33
f 626/584/33 640/598/356 641/599/356
f 641/599/356 627/585/33 626/584/33
f 627/585/33 641/599/356 642/600/356
f 642/600/356 628/586/33 627/585/33
f 629/587/349 643/601/357 644/602/357
f 644/602/357 630/588/349 629/587/349
f 631/589/350 645/603/358 646/604/359
f 646/604/359 632/590/351 631/589/350
f 632/590/351 646/604/359 647/605/360
f 647/605/360 633/591/352 632/590/351
f 633/591/352 647/605/360 648/606/361
f 648/606/361 634/592/353 633/591/352
f 634/592/353 648/606/361 649/607/362
f 649/607/362 635/593/354 634/592/353
f 636/594/355 650/608/363 651/609/363
f 651/609/363 637/595/355 636/594/355
f 638/596/356 652/610/364 653/611/364
f 653/611/364 639/597/356 638/596/356
f 639/597/356 653/611/364 654/612/364
f 654/612/364 640/598/356 639/597/356
f 640/598/356 654/612/364 655/613/364
f 655/613/364 641/599/356 640/598/356
f 641/599/356 655/613/364 656/614/364
f 656/614/364 642/600/356 641/599/356
f 643/601/357 657/615/365 658/616/365
f 658/616/365 644/602/357 643/601/357
f 645/603/358 659/617/366 660/618/367
f 660/618/367 646/604/359 645/603/358
f 646/604/359 660/618/367 661/619/368
f 661/619/368 647/605/360 646/604/359
f 647/605/360 661/619/368 662/620/369
f 662/620/369 648/606/361 647/605/360
f 648/606/361 662/620/369 663/621/370
f 663/621/370 649/607/362 648/606/361
f 650/608/363 664/622/371 665/623/371
f 665/623/371 651/609/363 650/608/363
f 652/610/364 666/624/372 667/625/372
f 667/625/372 653/611/364 652/610/364
f 653/611/364 667/625/372 668/626/372
f 668/626/372 654/612/364 653/611/364
f 654/612/364 668/626/372 669/627/372
f 669/627/372 655/613/364 654/612/364
f 655/613/364 669/627/372 670/628/372
f 670/628/372 656/614/364 655/613/364
f 657/615/365 671/629/373 672/630/373
f 672/630/373 658/616/365 657/615/365
f 676/631/374 673/632/375 674/633/376
f 674/633/376 675/634/377 676/631/374
f 675/634/377 674/633/376 677/635/378
f 677/635/378 678/636/368 675/634/377
f 678/636/368 677/635/378 679/637/379
f 679/637/379 680/638/380 678/636/368
f 680/638/380 679/637/379 681/639/381
f 681/639/381 682/640/382 680/638/380
f 664/622/371 683/641/383 684/642/383
f 684/642/383 665/623/371 664/622/371
f 688/643/384 685/644/385 686/645/385
f 686/645/385 687/646/384 688/643/384
f 687/646/384 686/645/385 689/647/385
f 689/647/385 690/648/384 687/646/384
f 690/648/384 689/647/385 691/649/385
f 691/649/385 692/650/384 690/648/384
f 692/650/384 691/649/385 693/651/385
f 693/651/385 694/652/384 692/650/384
f 671/629/373 695/653/386 696/654/386
f 696/654/386 672/630/373 671/629/373
f 673/632/375 697/655/387 698/656/388
f 698/656/388 674/633/376 673/632/375
f 674/633/376 698/656/388 699/657/389
f 699/657/389 677/635/378 674/633/376
f 677/635/378 699/657/389 700/658/390
f 700/658/390 679/637/379 677/635/378
f 679/637/379 700/658/390 701/659/391
f 701/659/391 681/639/381 679/637/379
f 683/641/383 702/660/392 703/661/393
f 703/661/393 684/642/383 683/641/383
f 685/644/385 704/662/394 705/663/394
f 705/663/394 686/645/385 685/644/385
f 686/645/385 705/663/394 706/664/394
f 706/664/394 689/647/385 686/645/385
f 689/647/385 706/664/394 707/665/394
f 707/665/394 691/649/385 689/647/385
f 691/649/385 707/665/394 708/666/394
f 708/666/394 693/651/385 691/649/385
f 695/653/386 709/667/395 710/668/396
f 710/668/396 696/654/386 695/653/386
f 697/655/387 711/669/397 712/670/398
f 712/670/398 698/656/388 697/655/387
f 698/656/388 712/670/398 713/671/399
f 713/671/399 699/657/389 698/656/388
f 699/657/389 713/671/399 714/672/400
f 714/672/400 700/658/390 699/657/389
f 700/658/390 714/672/400 715/673/401
f 715/673/401 701/659/391 700/658/390
f 702/660/392 716/674/402 717/675/402
f 717/675/402 703/661/393 702/660/392
f 704/662/394 718/676/403 719/677/403
f 719/677/403 705/663/394 704/662/394
f 705/663/394 719/677/403 720/678/403
f 720/678/403 706/664/394 705/663/394
f 706/664/394 720/678/403 721/679/403
f 721/679/403 707/665/394 706/664/394
f 707/665/394 721/679/403 722/680/403
f 722/680/403 708/666/394 707/665/394
f 709/667/395 723/681/404 724/682/404
f 724/682/404 710/668/396 709/667/395
f 711/669/397 725/683/405 726/684/406
f 726/684/406 712/670/398 711/669/397
f 712/670/398 726/684/406 727/685/407
f 727/685/407 713/671/399 712/670/398
f 713/671/399 727/685/407 728/686/408
f 728/686/408 714/672/400 713/671/399
f 714/672/400 728/686/408 729/687/409
f 729/687/409 715/673/401 714/672/400
f 716/674/402 730/688/410 731/689/410
f 731/689/410 717/675/402 716/674/402
f 718/676/403 732/690/411 733/691/411
f 733/691/411 719/677/403 718/676/403
f 719/677/403 733/691/411 734/692/411
f 734/692/411 720/678/403 719/677/403
f 720/678/403 734/692/411 735/693/411
f 735/693/411 721/679/403 720/678/403
f 721/679/403 735/693/411 736/694/411
f 736/694/411 722/680/403 721/679/403
f 723/681/404 737/695/412 738/696/412
f 738/696/412 724/682/404 723/681/404
f 725/683/405 739/697/413 740/698/414
f 740/698/414 726/684/406 725/683/405
f 726/684/406 740/698/414 741/699/285
f 741/699/285 727/685/407 726/684/406
f 727/685/407 741/699/285 742/700/415
f 742/700/415 728/686/408 727/685/407
f 728/686/408 742/700/415 743/701/416
f 743/701/416 729/687/409 728/686/408
f 730/688/410 744/702/417 745/703/417
f 745/703/417 731/689/410 730/688/410
f 732/690/411 746/704/278 747/705/278
f 747/705/278 733/691/411 732/690/411
f 733/691/411 747/705/278 748/706/278
f 748/706/278 734/692/411 733/691/411
f 734/692/411 748/706/278 749/707/278
f 749/707/278 735/693/411 734/692/411
f 735/693/411 749/707/278 750/708/278
f 750/708/278 736/694/411 735/693/411
f 737/695/412 751/709/418 752/710/418
f 752/710/418 738/696/412 737/695/412
f 739/697/413 753/711/419 754/712/420
f 754/712/420 740/698/414 739/697/413
f 740/698/414 754/712/420 755/713/421
f 755/713/421 741/699/285 740/698/414
f 741/699/285 755/713/421 756/714/422
f 756/714/422 742/700/415 741/699/285
f 742/700/415 756/714/422 757/715/423
f 757/715/423 743/701/416 742/700/415
f 744/702/417 758/716/424 759/717/424
f 759/717/424 745/703/417 744/702/417
f 746/704/278 760/718/425 761/719/425
f 761/719/425 747/705/278 746/704/278
f 747/705/278 761/719/425 762/720/425
f 762/720/425 748/706/278 747/705/278
f 748/706/278 762/720/425 763/721/425
f 763/721/425 749/707/278 748/706/278
f 749/707/278 763/721/425 764/722/425
f 764/722/425 750/708/278 749/707/278
f 751/709/418 765/723/426 766/724/426
f 766/724/426 752/710/418 751/709/418
f 753/711/419 767/725/427 768/726/428
f 768/726/428 754/712/420 753/711/419
f 754/712/420 768/726/428 769/727/429
f 769/727/429 755/713/421 754/712/420
f 755/713/421 769/727/429 770/728/430
f 770/728/430 756/714/422 755/713/421
f 756/714/422 770/728/430 771/729/431
f 771/729/431 757/715/423 756/714/422
f 758/716/424 772/730/432 773/731/433
f 773/731/433 759/717/424 758/716/424
f 760/718/425 774/732/434 775/733/434
f 775/733/434 761/719/425 760/718/425
f 761/719/425 775/733/434 776/734/434
f 776/734/434 762/720/425 761/719/425
f 762/720/425 776/734/434 777/735/434
f 777/735/434 763/721/425 762/720/425
f 763/721/425 777/735/434 778/736/434
f 778/736/434 764/722/425 763/721/425
f 765/723/426 779/737/435 780/738/435
f 780/738/435 766/724/426 765/723/426
f 767/725/427 781/739/436 782/740/437
f 782/740/437 768/726/428 767/725/427
f 768/726/428 782/740/437 783/741/438
f 783/741/438 769/727/429 768/726/428
f 769/727/429 783/741/438 784/742/439
f 784/742/439 770/728/430 769/727/429
f 770/728/430 784/742/439 785/743/440
f 785/743/440 771/729/431 770/728/430
f 772/730/432 786/744/441 787/745/441
f 787/745/441 773/731/433 772/730/432
f 774/732/434 788/746/442 789/747/442
f 789/747/442 775/733/434 774/732/434
f 775/733/434 789/747/442 790/748/442
f 790/748/442 776/734/434 775/733/434
f 776/734/434 790/748/442 791/749/442
f 791/749/442 777/735/434 776/734/434
f 777/735/434 791/749/442 792/750/442
f 792/750/442 778/736/434 777/735/434
f 779/737/435 793/751/443 794/752/443
f 794/752/443 780/738/435 779/737/435
f 781/739/436 795/753/444 796/754/445
f 796/754/445 782/740/437 781/739/436
f 782/740/437 796/754/445 797/755/446
f 797/755/446 783/741/438 782/740/437
f 783/741/438 797/755/446 798/756/447
f 798/756/447 784/742/439 783/741/438
f 784/742/439 798/756/447 799/757/448
f 799/757/448 785/743/440 784/742/439
f 786/744/441 800/758/449 801/759/449
f 801/759/449 787/745/441 786/744/441
f 788/746/442 802/760/450 803/761/450
f 803/761/450 789/747/442 788/746/442
f 789/747/442 803/761/450 804/762/450
f 804/762/450 790/748/442 789/747/442
f 790/748/442 804/762/450 805/763/450
f 805/763/450 791/749/442 790/748/442
f 791/749/442 805/763/450 806/764/450
f 806/764/450 792/750/442 791/749/442
f 793/751/443 807/765/451 808/766/451
f 808/766/451 794/752/443 793/751/443
f 795/753/444 809/767/452 810/768/453
f 810/768/453 796/754/445 795/753/444
f 796/754/445 810/768/453 811/769/454
f 811/769/454 797/755/446 796/754/445
f 797/755/446 811/769/454 812/770/455
f 812/770/455 798/756/447 797/755/446
f 798/756/447 812/770/455 813/771/456
f 813/771/456 799/757/448 798/756/447
f 800/758/449 814/772/457 815/773/457
f 815/773/457 801/759/449 800/758/449
f 802/760/450 816/774/458 817/775/458
f 817/775/458 803/761/450 802/760/450
f 803/761/450 817/775/458 818/776/458
f 818/776/458 804/762/450 803/761/450
f 804/762/450 818/776/458 819/777/458
f 819/777/458 805/763/450 804/762/450
f 805/763/450 819/777/458 820/778/458
f 820/778/458 806/764/450 805/763/450
f 807/765/451 821/779/459 822/780/459
f 822/780/459 808/766/451 807/765/451
f 826/781/460 823/782/461 824/783/462
f 824/783/462 825/784/463 826/781/460
f 825/784/463 824/783/462 827/785/464
f 827/785/464 828/786/454 825/784/463
f 828/786/454 827/785/464 829/787/465
f 829/787/465 830/788/466 828/786/454
f 830/788/466 829/787/465 831/789/467
f 831/789/467 832/790/468 830/788/466
f 814/772/457 833/791/469 834/792/469
f 834/792/469 815/773/457 814/772/457
f 838/793/470 835/794/471 836/795/471
f 836/795/471 837/796/470 838/793/470
f 837/796/470 836/795/471 839/797/471
f 839/797/471 840/798/470 837/796/470
f 840/798/470 839/797/471 841/799/471
f 841/799/471 842/800/470 840/798/470
f 842/800/470 841/799/471 843/801/471
f 843/801/471 844/802/470 842/800/470
f 821/779/459 845/803/472 846/804/472
f 846/804/472 822/780/459 821/779/459
f 823/782/461 847/805/473 848/806/474
f 848/806/474 824/783/462 823/782/461
f 824/783/462 848/806/474 849/807/475
f 849/807/475 827/785/464 824/783/462
f 827/785/464 849/807/475 850/808/476
f 850/808/476 829/787/465 827/785/464
f 829/787/465 850/808/476 851/809/477
f 851/809/477 831/789/467 829/787/465
f 833/791/469 852/810/478 853/811/478
f 853/811/478 834/792/469 833/791/469
f 835/794/471 854/812/479 855/813/479
f 855/813/479 836/795/471 835/794/471
f 836/795/471 855/813/479 856/814/479
f 856/814/479 839/797/471 836/795/471
f 839/797/471 856/814/479 857/815/479
f 857/815/479 841/799/471 839/797/471
f 841/799/471 857/815/479 858/816/479
f 858/816/479 843/801/471 841/799/471
f 845/803/472 859/817/480 860/818/480
f 860/818/480 846/804/472 845/803/472
f 847/805/473 861/819/481 862/820/482
f 862/820/482 848/806/474 847/805/473
f 848/806/474 862/820/482 863/821/33
f 863/821/33 849/807/475 848/806/474
f 849/807/475 863/821/33 864/822/483
f 864/822/483 850/808/476 849/807/475
f 850/808/476 864/822/483 865/823/484
f 865/823/484 851/809/477 850/808/476
f 852/810/478 866/824/485 867/825/485
f 867/825/485 853/811/478 852/810/478
f 854/812/479 868/826/38 869/827/38
f 869/827/38 855/813/479 854/812/479
f 855/813/479 869/827/38 870/828/38
f 870/828/38 856/814/479 855/813/479
f 856/814/479 870/828/38 871/829/38
f 871/829/38 857/815/479 856/814/479
f 857/815/479 871/829/38 872/830/38
f 872/830/38 858/816/479 857/815/479
f 859/817/480 873/831/486 874/832/486
f 874/832/486 860/818/480 859/817/480
f 861/819/481 875/833/487 876/834/488
f 876/834/488 862/820/482 861/819/481
f 862/820/482 876/834/488 877/835/489
f 877/835/489 863/821/33 862/820/482
f 863/821/33 877/835/489 878/836/490
f 878/836/490 864/822/483 863/821/33
f 864/822/483 878/836/490 879/837/491
f 879/837/491 865/823/484 864/822/483
f 866/824/485 880/838/492 881/839/492
f 881/839/492 867/825/485 866/824/485
f 868/826/38 882/840/493 883/841/493
f 883/841/493 869/827/38 868/826/38
f 869/827/38 883/841/493 884/842/493
f 884/842/493 870/828/38 869/827/38
f 870/828/38 884/842/493 885/843/493
f 885/843/493 871/829/38 870/828/38
f 871/829/38 885/843/493 886/844/493
f 886/844/493 872/830/38 871/829/38
f 873/831/486 887/845/494 888/846/494
f 888/846/494 874/832/486 873/831/486
f 875/833/487 889/847/495 890/848/496
f 890/848/496 876/834/488 875/833/487
f 876/834/488 890/848/496 891/849/497
f 891/849/497 877/835/489 876/834/488
f 877/835/489 891/849/497 892/850/498
f 892/850/498 878/836/490 877/835/489
f 878/836/490 892/850/498 893/851/499
f 893/851/499 879/837/491 878/836/490
f 880/838/492 894/852/500 895/853/500
f 895/853/500 881/839/492 880/838/492
f 882/840/493 896/854/501 897/855/501
f 897/855/501 883/841/493 882/840/493
f 883/841/493 897/855/501 898/856/501
f 898/856/501 884/842/493 883/841/493
f 884/842/493 898/856/501 899/857/501
f 899/857/501 885/843/493 884/842/493
f 885/843/493 899/857/501 900/858/501
f 900/858/501 886/844/493 885/843/493
f 887/845/494 901/859/502 902/860/502
f 902/860/502 888/846/494 887/845/494
f 889/847/495 903/861/503 904/862/504
f 904/862/504 890/848/496 889/847/495
f 890/848/496 904/862/504 905/863/505
f 905/863/505 891/849/497 890/848/496
f 891/849/497 905/863/505 906/864/506
f 906/864/506 892/850/498 891/849/497
f 892/850/498 906/864/506 907/865/507
f 907/865/507 893/851/499 892/850/498
f 894/852/500 908/866/508 909/867/508
f 909/867/508 895/853/500 894/852/500
f 896/854/501 910/868/509 911/869/509
f 911/869/509 897/855/501 896/854/501
f 897/855/501 911/869/509 912/870/509
f 912/870/509 898/856/501 897/855/501
f 898/856/501 912/870/509 913/871/509
f 913/871/509 899/857/501 898/856/501
f 899/857/501 913/871/509 914/872/509
f 914/872/509 900/858/501 899/857/501
f 901/859/502 915/873/510 916/874/510
f 916/874/510 902/860/502 901/859/502
f 920/875/511 917/876/512 918/877/513
f 918/877/513 919/878/514 920/875/511
f 919/878/514 918/877/513 921/879/515
f 921/879/515 922/880/505 919/878/514
f 922/880/505 921/879/515 923/881/516
f 923/881/516 924/882/517 922/880/505
f 924/882/517 923/881/516 925/883/518
f 925/883/518 926/884/519 924/882/517
f 908/866/508 927/885/520 928/886/520
f 928/886/520 909/867/508 908/866/508
f 932/887/521 929/888/522 930/889/522
f 930/889/522 931/890/521 932/887/521
f 931/890/521 930/889/522 933/891/522
f 933/891/522 934/892/521 931/890/521
f 934/892/521 933/891/522 935/893/522
f 935/893/522 936/894/521 934/892/521
f 936/894/521 935/893/522 937/895/522
f 937/895/522 938/896/521 936/894/521
f 915/873/510 939/897/523 940/898/523
f 940/898/523 916/874/510 915/873/510
f 917/876/512 941/899/524 942/900/525
f 942/900/525 918/877/513 917/876/512
f 918/877/513 942/900/525 943/901/526
f 943/901/526 921/879/515 918/877/513
f 921/879/515 943/901/526 944/902/527
f 944/902/527 923/881/516 921/879/515
f 923/881/516 944/902/527 945/903/528
f 945/903/528 925/883/518 923/881/516
f 927/885/520 946/904/529 947/905/529
f 947/905/529 928/886/520 927/885/520
f 929/888/522 948/906/530 949/907/530
f 949/907/530 930/889/522 929/888/522
f 930/889/522 949/907/530 950/908/530
f 950/908/530 933/891/522 930/889/522
f 933/891/522 950/908/530 951/909/530
f 951/909/530 935/893/522 933/891/522
f 935/893/522 951/909/530 952/910/530
f 952/910/530 937/895/522 935/893/522
f 939/897/523 953/911/531 954/912/532
f 954/912/532 940/898/523 939/897/523
f 941/899/524 955/913/533 956/914/534
f 956/914/534 942/900/525 941/899/524
f 942/900/525 956/914/534 957/915/535
f 957/915/535 943/901/526 942/900/525
f 943/901/526 957/915/535 958/916/536
f 958/916/536 944/902/527 943/901/526
f 944/902/527 958/916/536 959/917/537
f 959/917/537 945/903/528 944/902/527
f 946/904/529 960/918/538 961/919/538
f 961/919/538 947/905/529 946/904/529
f 948/906/530 962/920/539 963/921/539
f 963/921/539 949/907/530 948/906/530
f 949/907/530 963/921/539 964/922/539
f 964/922/539 950/908/530 949/907/530
f 950/908/530 964/922/539 965/923/539
f 965/923/539 951/909/530 950/908/530
f 951/909/530 965/923/539 966/924/539
f 966/924/539 952/910/530 951/909/530
f 953/911/531 967/925/540 968/926/540
f 968/926/540 954/912/532 953/911/531
f 955/913/533 969/927/541 970/928/542
f 970/928/542 956/914/534 955/913/533
f 956/914/534 970/928/542 971/929/543
f 971/929/543 957/915/535 956/914/534
f 957/915/535 971/929/543 972/930/544
f 972/930/544 958/916/536 957/915/535
f 958/916/536 972/930/544 973/931/545
f 973/931/545 959/917/537 958/916/536
f 960/918/538 974/932/546 975/933/546
f 975/933/546 961/919/538 960/918/538
f 962/920/539 976/934/547 977/935/547
f 977/935/547 963/921/539 962/920/539
f 963/921/539 977/935/547 978/936/547
f 978/936/547 964/922/539 963/921/539
f 964/922/539 978/936/547 979/937/547
f 979/937/547 965/923/539 964/922/539
f 965/923/539 979/937/547 980/938/547
f 980/938/547 966/924/539 965/923/539
f 967/925/540 981/451/548 982/454/548
f 982/454/548 968/926/540 967/925/540
f 969/927/541 498/455/273 497/458/276
f 497/458/276 970/928/542 969/927/541
f 970/928/542 497/458/276 500/460/278
f 500/460/278 971/929/543 970/928/542
f 971/929/543 500/460/278 502/462/280
f 502/462/280 972/930/544 971/929/543
f 972/930/544 502/462/280 504/464/282
f 504/464/282 973/931/545 972/930/544
f 974/932/546 508/465/283 507/468/283
f 507/468/283 975/933/546 974/932/546
f 976/934/547 512/469/285 511/472/285
f 511/472/285 977/935/547 976/934/547
f 977/935/547 511/472/285 514/474/285
f 514/474/285 978/936/547 977/935/547
f 978/936/547 514/474/285 516/476/285
f 516/476/285 979/937/547 978/936/547
f 979/937/547 516/476/285 518/478/285
f 518/478/285 980/938/547 979/937/547
s 0
f 987/939/549 983/940/549 984/941/549
f 987/939/549 984/941/549 985/942/549
f 985/942/549 986/943/549 987/939/549
s 1
f 992/944/550 988/945/551 989/946/552
f 992/944/550 989/946/552 990/947/553
f 990/947/553 991/948/554 992/944/550
s 0
f 997/949/555 993/950/555 994/951/555
s 1
f 997/949/555 994/951/555 995/952/556
f 995/952/556 996/953/556 997/949/555
f 998/954/557 999/955/558 1000/956/558
f 998/954/557 1000/956/558 1001/957/557
f 998/954/557 1001/957/557 1002/958/559
f 998/954/557 1002/958/559 1003/959/559
f 1006/947/559 1004/946/557 1005/945/558
f 1006/947/559 1005/945/558 999/955/558
f 1006/947/559 999/955/558 998/954/557
f 998/954/557 1003/959/559 1006/947/559
f 1011/960/559 1007/961/560 1008/962/558
f 1011/960/559 1008/962/558 1009/963/557
f 1009/963/557 1010/964/559 1011/960/559
f 1018/964/561 1012/963/562 1013/962/563
f 1013/962/563 1014/965/564 1015/966/565
f 1013/962/563 1015/966/565 1016/967/566
f 1013/962/563 1016/967/566 1017/968/567
f 1013/962/563 1017/968/567 1018/964/561
f 1002/958/559 1001/957/557 1000/956/558
f 1002/958/559 1000/956/558 1007/961/560
f 1007/961/560 1011/960/559 1002/958/559
s 0
f 1022/969/568 1019/970/568 1020/971/568
f 1020/971/568 1021/972/568 1022/969/568
s 1
f 1026/973/569 1023/974/570 1024/975/571
f 1024/975/571 1025/976/572 1026/973/569
s 0
f 1030/977/38 1027/978/38 1028/979/38
f 1028/979/38 1029/980/38 1030/977/38
s 1
f 1034/981/573 1031/982/574 1032/983/564
f 1032/983/564 1033/984/575 1034/981/573
f 1038/985/576 1035/986/576 1036/987/577
f 1036/987/577 1037/988/577 1038/985/576
f 1042/989/573 1039/990/578 1040/950/579
f 1040/950/579 1041/949/565 1042/989/573
f 1046/991/580 1043/992/581 1044/993/582
f 1044/993/582 1045/994/583 1046/991/580
f 1048/995/584 1047/996/585 1043/992/581
f 1043/992/581 1046/991/580 1048/995/584
f 1050/997/586 1049/998/587 1047/996/585
f 1047/996/585 1048/995/584 1050/997/586
f 1052/999/588 1051/1000/589 1049/998/587
f 1049/998/587 1050/997/586 1052/999/588
f 1054/1001/590 1053/1002/591 1051/1000/589
f 1051/1000/589 1052/999/588 1054/1001/590
f 1056/1003/592 1055/1004/593 1053/1002/591
f 1053/1002/591 1054/1001/590 1056/1003/592
f 1057/1005/594 991/948/554 1055/1004/593
f 1055/1004/593 1056/1003/592 1057/1005/594
f 1061/1006/285 1058/1007/285 1059/1008/595
f 1059/1008/595 1060/1009/595 1061/1006/285
f 1060/1009/595 1059/1008/595 1062/1010/596
f 1062/1010/596 1063/1011/596 1060/1009/595
f 1063/1011/596 1062/1010/596 1064/1012/597
f 1064/1012/597 1065/1013/597 1063/1011/596
f 1065/1013/597 1064/1012/597 1066/1014/598
f 1066/1014/598 1067/1015/598 1065/1013/597
f 1067/1015/598 1066/1014/598 1068/1016/599
f 1068/1016/599 1069/1017/600 1067/1015/598
f 1069/1017/600 1068/1016/599 1070/940/601
f 1070/940/601 1071/939/601 1069/1017/600
f 1075/1018/602 1072/1019/603 1073/1020/604
f 1073/1020/604 1074/1021/605 1075/1018/602
f 1074/1021/605 1073/1020/604 1076/1022/606
f 1076/1022/606 1077/1023/607 1074/1021/605
f 1077/1023/607 1076/1022/606 1078/1024/608
f 1078/1024/608 1079/1025/609 1077/1023/607
f 1079/1025/609 1078/1024/608 1080/1026/610
f 1080/1026/610 1081/1027/611 1079/1025/609
f 1081/1027/611 1080/1026/610 1082/1028/612
f 1082/1028/612 1083/1029/613 1081/1027/611
f 1083/1029/613 1082/1028/612 1084/1030/614
f 1084/1030/614 1085/1031/615 1083/1029/613
f 1089/1032/616 1086/1033/617 1087/1034/617
f 1087/1034/617 1088/1035/616 1089/1032/616
f 1093/1036/618 1090/1037/618 1091/1038/619
f 1091/1038/619 1092/1039/619 1093/1036/618
f 1097/1040/620 1094/1041/620 1095/1037/278
f 1095/1037/278 1096/1036/278 1097/1040/620
f 1099/1042/621 1098/1043/621 1094/1041/620
f 1094/1041/620 1097/1040/620 1099/1042/621
f 1101/1044/622 1100/1045/622 1098/1043/621
f 1098/1043/621 1099/1042/621 1101/1044/622
f 1103/1046/623 1102/1047/623 1100/1045/622
f 1100/1045/622 1101/1044/622 1103/1046/623
f 1105/1048/624 1104/1049/624 1102/1047/623
f 1102/1047/623 1103/1046/623 1105/1048/624
f 996/953/556 995/952/556 1104/1049/624
f 1104/1049/624 1105/1048/624 996/953/556
f 1109/943/625 1106/942/626 1107/1050/626
f 1107/1050/626 1108/1051/625 1109/943/625
f 1113/1052/627 1110/1053/628 1111/1054/629
f 1111/1054/629 1112/1055/630 1113/1052/627
f 1117/1056/631 1114/1057/632 1115/1058/633
f 1115/1058/633 1116/1059/634 1117/1056/631
f 1037/988/577 1036/987/577 1118/1060/635
f 1118/1060/635 1119/1061/635 1037/988/577
f 1123/1062/636 1120/1063/637 1121/1064/638
f 1121/1064/638 1122/1065/639 1123/1062/636
f 1127/1066/640 1124/1067/641 1125/1068/642
f 1125/1068/642 1126/1069/642 1127/1066/640
f 1045/994/583 1044/993/582 1114/1057/632
f 1114/1057/632 1117/1056/631 1045/994/583
f 1119/1061/635 1118/1060/635 1128/1007/643
f 1128/1007/643 1129/1006/643 1119/1061/635
f 1122/1065/639 1121/1064/638 1072/1019/603
f 1072/1019/603 1075/1018/602 1122/1065/639
f 1092/1039/619 1091/1038/619 1124/1067/641
f 1124/1067/641 1127/1066/640 1092/1039/619
f 1131/1070/644 999/955/558 1005/945/558
f 1005/945/558 1130/1071/644 1131/1070/644
f 1133/1072/645 1003/959/559 1002/958/559
f 1002/958/559 1132/1073/645 1133/1072/645
f 1135/1074/646 1133/1072/645 1132/1073/645
f 1132/1073/645 1134/1075/646 1135/1074/646
f 1137/1076/647 1135/1074/646 1134/1075/646
f 1134/1075/646 1136/1077/647 1137/1076/647
f 1139/1078/648 1137/1076/647 1136/1077/647
f 1136/1077/647 1138/1079/648 1139/1078/648
f 1141/1080/649 1139/1078/648 1138/1079/648
f 1138/1079/648 1140/1081/649 1141/1080/649
f 1143/1082/650 1141/1080/649 1140/1081/649
f 1140/1081/649 1142/1083/650 1143/1082/650
f 1145/1084/651 1143/1082/650 1142/1083/650
f 1142/1083/650 1144/1085/651 1145/1084/651
f 1147/1086/652 1145/1084/651 1144/1085/651
f 1144/1085/651 1146/1087/653 1147/1086/652
f 1149/1088/654 1147/1086/652 1146/1087/653
f 1146/1087/653 1148/1089/655 1149/1088/654
f 1153/1090/656 1150/1091/657 1151/1092/658
f 1151/1092/658 1152/1093/659 1153/1090/656
f 1157/1094/660 1154/1095/661 1155/1096/662
f 1155/1096/662 1156/1097/663 1157/1094/660
f 1160/1098/664 1154/1095/661 1158/1099/665
f 1158/1099/665 1159/1100/664 1160/1098/664
f 1162/1101/666 1160/1098/664 1159/1100/664
f 1159/1100/664 1161/1102/666 1162/1101/666
f 1164/1103/667 1162/1101/666 1161/1102/666
f 1161/1102/666 1163/1104/667 1164/1103/667
f 1166/1105/668 1164/1103/667 1163/1104/667
f 1163/1104/667 1165/1106/668 1166/1105/668
f 1168/1107/669 1166/1105/668 1165/1106/668
f 1165/1106/668 1167/1108/669 1168/1107/669
f 1170/1109/670 1168/1107/669 1167/1108/669
f 1167/1108/669 1169/1110/670 1170/1109/670
f 1172/1111/671 1170/1109/670 1169/1110/670
f 1169/1110/670 1171/1112/671 1172/1111/671
f 1173/1113/617 1172/1111/671 1171/1112/671
f 1171/1112/671 1086/1033/617 1173/1113/617
f 1175/1114/672 1089/1032/616 1088/1035/616
f 1088/1035/616 1174/1115/672 1175/1114/672
f 1178/1116/673 1176/1117/672 1175/1114/672
f 1175/1114/672 1177/1118/673 1178/1116/673
s 0
f 1182/1119/38 1179/1120/38 1180/1121/38
f 1180/1121/38 1181/1122/38 1182/1119/38
s 1
f 1186/1123/674 1183/1124/674 1184/1125/675
f 1184/1125/675 1185/1126/676 1186/1123/674
f 1187/1127/677 1006/947/559 1003/959/559
f 1003/959/559 1133/1072/645 1187/1127/677
f 1188/1128/678 1187/1127/677 1133/1072/645
f 1133/1072/645 1135/1074/646 1188/1128/678
f 1189/1129/647 1188/1128/678 1135/1074/646
f 1135/1074/646 1137/1076/647 1189/1129/647
f 1190/1130/648 1189/1129/647 1137/1076/647
f 1137/1076/647 1139/1078/648 1190/1130/648
f 1191/1131/649 1190/1130/648 1139/1078/648
f 1139/1078/648 1141/1080/649 1191/1131/649
f 1192/1132/679 1191/1131/649 1141/1080/649
f 1141/1080/649 1143/1082/650 1192/1132/679
f 1193/1133/680 1192/1132/679 1143/1082/650
f 1143/1082/650 1145/1084/651 1193/1133/680
f 1194/1134/681 1193/1133/680 1145/1084/651
f 1145/1084/651 1147/1086/652 1194/1134/681
f 1195/1135/682 1194/1134/681 1147/1086/652
f 1147/1086/652 1149/1088/654 1195/1135/682
f 1152/1093/659 1151/1092/658 1196/1136/683
f 1196/1136/683 1197/1137/683 1152/1093/659
f 1200/1097/684 1198/1096/685 1120/1063/637
f 1120/1063/637 1199/1138/686 1200/1097/684
f 1201/1139/687 1155/1096/662 1154/1095/661
f 1154/1095/661 1160/1098/664 1201/1139/687
f 1202/1140/688 1201/1139/687 1160/1098/664
f 1160/1098/664 1162/1101/666 1202/1140/688
f 1203/1141/667 1202/1140/688 1162/1101/666
f 1162/1101/666 1164/1103/667 1203/1141/667
f 1204/1142/668 1203/1141/667 1164/1103/667
f 1164/1103/667 1166/1105/668 1204/1142/668
f 1205/1143/669 1204/1142/668 1166/1105/668
f 1166/1105/668 1168/1107/669 1205/1143/669
f 1206/1144/689 1205/1143/669 1168/1107/669
f 1168/1107/669 1170/1109/670 1206/1144/689
f 1207/1145/690 1206/1144/689 1170/1109/670
f 1170/1109/670 1172/1111/671 1207/1145/690
f 1208/1146/617 1207/1145/690 1172/1111/671
f 1172/1111/671 1173/1113/617 1208/1146/617
f 1212/1147/691 1209/1148/692 1210/1149/693
f 1210/1149/693 1211/1150/694 1212/1147/691
f 1214/1151/673 1213/1152/695 1176/1117/672
f 1176/1117/672 1178/1116/673 1214/1151/673
s 0
f 1181/1122/38 1180/1121/38 1215/1153/38
f 1215/1153/696 1216/1154/696 1181/1122/696
s 1
f 1218/1155/644 1007/961/560 1000/956/558
f 1000/956/558 1217/1156/644 1218/1155/644
f 1220/1157/645 1011/960/559 1010/964/559
f 1010/964/559 1219/1158/645 1220/1157/645
f 1222/1159/646 1220/1157/645 1219/1158/645
f 1219/1158/645 1221/1160/646 1222/1159/646
f 1224/1161/647 1222/1159/646 1221/1160/646
f 1221/1160/646 1223/1162/647 1224/1161/647
f 1226/1163/648 1224/1161/647 1223/1162/647
f 1223/1162/647 1225/1164/648 1226/1163/648
f 1228/1165/649 1226/1163/648 1225/1164/648
f 1225/1164/648 1227/1166/649 1228/1165/649
f 1230/1167/650 1228/1165/649 1227/1166/649
f 1227/1166/649 1229/1168/650 1230/1167/650
f 1232/1169/651 1230/1167/650 1229/1168/650
f 1229/1168/650 1231/1170/697 1232/1169/651
f 1234/1171/698 1232/1169/651 1231/1170/697
f 1231/1170/697 1233/1172/699 1234/1171/698
f 1236/1173/700 1234/1171/698 1233/1172/699
f 1233/1172/699 1235/1174/701 1236/1173/700
f 1240/1175/702 1237/1176/702 1238/1177/703
f 1238/1177/703 1239/1178/703 1240/1175/702
f 1243/1179/704 1241/1180/705 1158/1099/665
f 1158/1099/665 1242/1181/706 1243/1179/704
f 1246/1182/664 1241/1180/705 1244/1183/707
f 1244/1183/707 1245/1184/664 1246/1182/664
f 1248/1185/666 1246/1182/664 1245/1184/664
f 1245/1184/664 1247/1186/666 1248/1185/666
f 1250/1187/667 1248/1185/666 1247/1186/666
f 1247/1186/666 1249/1188/667 1250/1187/667
f 1252/1189/668 1250/1187/667 1249/1188/667
f 1249/1188/667 1251/1190/668 1252/1189/668
f 1254/1191/669 1252/1189/668 1251/1190/668
f 1251/1190/668 1253/1192/669 1254/1191/669
f 1256/1193/670 1254/1191/669 1253/1192/669
f 1253/1192/669 1255/1194/670 1256/1193/670
f 1258/1195/671 1256/1193/670 1255/1194/670
f 1255/1194/670 1257/1196/671 1258/1195/671
f 1087/1034/617 1258/1195/671 1257/1196/671
f 1257/1196/671 1259/1148/617 1087/1034/617
f 1261/1197/708 1212/1147/691 1211/1150/694
f 1211/1150/694 1260/1198/709 1261/1197/708
f 1264/1199/673 1174/1115/672 1262/1197/710
f 1262/1197/710 1263/1200/673 1264/1199/673
s 0
f 1268/1201/38 1265/1202/38 1266/1203/38
f 1266/1203/38 1267/1204/38 1268/1201/38
s 1
f 1269/1205/644 1008/962/558 1007/961/560
f 1007/961/560 1218/1155/644 1269/1205/644
f 1271/1158/711 1018/964/561 1017/968/567
f 1017/968/567 1270/1206/712 1271/1158/711
f 1273/1160/713 1271/1158/711 1270/1206/712
f 1270/1206/712 1272/1207/714 1273/1160/713
f 1275/1162/715 1273/1160/713 1272/1207/714
f 1272/1207/714 1274/1208/716 1275/1162/715
f 1277/1164/717 1275/1162/715 1274/1208/716
f 1274/1208/716 1276/1209/718 1277/1164/717
f 1279/1166/719 1277/1164/717 1276/1209/718
f 1276/1209/718 1278/1210/720 1279/1166/719
f 1281/1168/721 1279/1166/719 1278/1210/720
f 1278/1210/720 1280/1211/722 1281/1168/721
f 1283/1170/723 1281/1168/721 1280/1211/722
f 1280/1211/722 1282/1212/724 1283/1170/723
f 1285/1172/725 1283/1170/723 1282/1212/724
f 1282/1212/724 1284/1213/726 1285/1172/725
f 1287/1174/727 1285/1172/725 1284/1213/726
f 1284/1213/726 1286/1214/728 1287/1174/727
f 1289/1215/729 1288/1216/729 1237/1176/702
f 1237/1176/702 1240/1175/702 1289/1215/729
f 1290/1217/730 1244/1183/707 1241/1180/705
f 1241/1180/705 1243/1179/704 1290/1217/730
f 1293/1184/731 1291/1183/732 1024/975/571
f 1024/975/571 1292/1218/733 1293/1184/731
f 1295/1186/734 1293/1184/731 1292/1218/733
f 1292/1218/733 1294/1219/735 1295/1186/734
f 1297/1188/736 1295/1186/734 1294/1219/735
f 1294/1219/735 1296/1220/737 1297/1188/736
f 1299/1190/738 1297/1188/736 1296/1220/737
f 1296/1220/737 1298/1221/739 1299/1190/738
f 1301/1192/740 1299/1190/738 1298/1221/739
f 1298/1221/739 1300/1222/741 1301/1192/740
f 1303/1194/742 1301/1192/740 1300/1222/741
f 1300/1222/741 1302/1223/743 1303/1194/742
f 1305/1196/744 1303/1194/742 1302/1223/743
f 1302/1223/743 1304/1224/745 1305/1196/744
f 1209/1148/692 1305/1196/744 1304/1224/745
f 1304/1224/745 1210/1149/693 1209/1148/692
f 1088/1035/616 1087/1034/617 1259/1148/617
f 1259/1148/617 1306/1147/616 1088/1035/616
f 1310/1225/746 1307/1226/746 1308/1227/747
f 1308/1227/747 1309/1228/747 1310/1225/746
s 0
f 1312/1229/38 1311/1230/38 1265/1202/38
f 1265/1202/38 1268/1201/38 1312/1229/38
s 1
f 1217/1156/644 1000/956/558 999/955/558
f 999/955/558 1131/1070/644 1217/1156/644
f 1132/1073/645 1002/958/559 1011/960/559
f 1011/960/559 1220/1157/645 1132/1073/645
f 1134/1075/646 1132/1073/645 1220/1157/645
f 1220/1157/645 1222/1159/646 1134/1075/646
f 1136/1077/647 1134/1075/646 1222/1159/646
f 1222/1159/646 1224/1161/647 1136/1077/647
f 1138/1079/648 1136/1077/647 1224/1161/647
f 1224/1161/647 1226/1163/648 1138/1079/648
f 1140/1081/649 1138/1079/648 1226/1163/648
f 1226/1163/648 1228/1165/649 1140/1081/649
f 1142/1083/650 1140/1081/649 1228/1165/649
f 1228/1165/649 1230/1167/650 1142/1083/650
f 1144/1085/651 1142/1083/650 1230/1167/650
f 1230/1167/650 1232/1169/651 1144/1085/651
f 1146/1087/653 1144/1085/651 1232/1169/651
f 1232/1169/651 1234/1171/698 1146/1087/653
f 1148/1089/655 1146/1087/653 1234/1171/698
f 1234/1171/698 1236/1173/700 1148/1089/655
f 1239/1178/703 1238/1177/703 1150/1091/657
f 1150/1091/657 1153/1090/656 1239/1178/703
f 1242/1181/706 1158/1099/665 1154/1095/661
f 1154/1095/661 1157/1094/660 1242/1181/706
f 1159/1100/664 1158/1099/665 1241/1180/705
f 1241/1180/705 1246/1182/664 1159/1100/664
f 1161/1102/666 1159/1100/664 1246/1182/664
f 1246/1182/664 1248/1185/666 1161/1102/666
f 1163/1104/667 1161/1102/666 1248/1185/666
f 1248/1185/666 1250/1187/667 1163/1104/667
f 1165/1106/668 1163/1104/667 1250/1187/667
f 1250/1187/667 1252/1189/668 1165/1106/668
f 1167/1108/669 1165/1106/668 1252/1189/668
f 1252/1189/668 1254/1191/669 1167/1108/669
f 1169/1110/670 1167/1108/669 1254/1191/669
f 1254/1191/669 1256/1193/670 1169/1110/670
f 1171/1112/671 1169/1110/670 1256/1193/670
f 1256/1193/670 1258/1195/671 1171/1112/671
f 1086/1033/617 1171/1112/671 1258/1195/671
f 1258/1195/671 1087/1034/617 1086/1033/617
f 1174/1115/672 1088/1035/616 1306/1147/616
f 1306/1147/616 1262/1197/710 1174/1115/672
f 1177/1118/673 1175/1114/672 1174/1115/672
f 1174/1115/672 1264/1199/673 1177/1118/673
s 0
f 1267/1204/38 1266/1203/38 1179/1120/38
f 1179/1120/38 1182/1119/38 1267/1204/38
s 1
f 1085/1031/615 1084/1030/614 1313/1231/748
f 1313/1231/748 1314/1232/749 1085/1031/615
f 1317/1233/750 1315/1152/751 1316/1234/752
f 1316/1234/752 1313/1231/748 1317/1233/750
f 1176/1117/672 1318/1235/616 1089/1032/616
f 1089/1032/616 1175/1114/672 1176/1117/672
f 1318/1235/616 1173/1113/617 1086/1033/617
f 1086/1033/617 1089/1032/616 1318/1235/616
f 1213/1152/695 1319/1233/616 1318/1235/616
f 1318/1235/616 1176/1117/672 1213/1152/695
f 1319/1233/616 1208/1146/617 1173/1113/617
f 1173/1113/617 1318/1235/616 1319/1233/616
f 1055/1004/593 991/948/554 990/947/553
f 990/947/553 1320/1127/753 1055/1004/593
f 1053/1002/591 1055/1004/593 1320/1127/753
f 1320/1127/753 1321/1128/754 1053/1002/591
f 1051/1000/589 1053/1002/591 1321/1128/754
f 1321/1128/754 1322/1129/755 1051/1000/589
f 1049/998/587 1051/1000/589 1322/1129/755
f 1322/1129/755 1323/1130/756 1049/998/587
f 1047/996/585 1049/998/587 1323/1130/756
f 1323/1130/756 1324/1131/757 1047/996/585
f 1043/992/581 1047/996/585 1324/1131/757
f 1324/1131/757 1325/1132/758 1043/992/581
f 1044/993/582 1043/992/581 1325/1132/758
f 1325/1132/758 1326/1133/759 1044/993/582
f 1114/1057/632 1044/993/582 1326/1133/759
f 1326/1133/759 1327/1134/760 1114/1057/632
f 1115/1058/633 1114/1057/632 1327/1134/760
f 1327/1134/760 1328/1135/761 1115/1058/633
s 0
f 1197/1137/683 1196/1136/683 1329/1236/683
f 1329/1236/683 1330/1237/683 1197/1137/683
s 1
f 1199/1138/686 1120/1063/637 1123/1062/636
f 1123/1062/636 1331/1238/762 1199/1138/686
f 1121/1064/638 1120/1063/637 1198/1096/685
f 1198/1096/685 1332/1139/763 1121/1064/638
f 1072/1019/603 1121/1064/638 1332/1139/763
f 1332/1139/763 1333/1140/764 1072/1019/603
f 1073/1020/604 1072/1019/603 1333/1140/764
f 1333/1140/764 1334/1141/765 1073/1020/604
f 1076/1022/606 1073/1020/604 1334/1141/765
f 1334/1141/765 1335/1142/766 1076/1022/606
f 1078/1024/608 1076/1022/606 1335/1142/766
f 1335/1142/766 1336/1143/767 1078/1024/608
f 1080/1026/610 1078/1024/608 1336/1143/767
f 1336/1143/767 1337/1144/768 1080/1026/610
f 1082/1028/612 1080/1026/610 1337/1144/768
f 1337/1144/768 1338/1145/769 1082/1028/612
f 1084/1030/614 1082/1028/612 1338/1145/769
f 1338/1145/769 1339/1146/770 1084/1030/614
f 1313/1231/748 1084/1030/614 1339/1146/770
f 1339/1146/770 1317/1233/750 1313/1231/748
f 1313/1231/748 1316/1234/752 1340/1239/771
f 1340/1239/771 1314/1232/749 1313/1231/748
f 1111/1054/629 1110/1053/628 1341/1240/772
f 1341/1240/772 1342/1241/773 1111/1054/629
s 0
f 1216/1154/38 1215/1153/38 1343/1242/38
f 1343/1242/38 1344/1243/38 1216/1154/38
s 1
f 1185/1126/676 1184/1125/675 1345/1244/774
f 1345/1244/774 1346/1245/775 1185/1126/676
f 1033/984/575 1032/983/564 1347/1246/776
f 1347/1246/776 1348/1247/776 1033/984/575
s 0
f 1029/980/777 1028/979/777 1311/1230/777
f 1311/1230/38 1312/1229/38 1029/980/38
s 1
f 1309/1228/747 1308/1227/747 1349/1248/778
f 1349/1248/778 1350/1249/578 1309/1228/747
f 1260/1198/709 1211/1150/694 1351/1250/779
f 1351/1250/779 1352/1251/780 1260/1198/709
f 1211/1150/694 1210/1149/693 1353/1252/781
f 1353/1252/781 1351/1250/779 1211/1150/694
f 1210/1149/693 1304/1224/745 1354/1253/782
f 1354/1253/782 1353/1252/781 1210/1149/693
f 1304/1224/745 1302/1223/743 1355/1254/783
f 1355/1254/783 1354/1253/782 1304/1224/745
f 1302/1223/743 1300/1222/741 1356/1255/784
f 1356/1255/784 1355/1254/783 1302/1223/743
f 1300/1222/741 1298/1221/739 1357/1256/785
f 1357/1256/785 1356/1255/784 1300/1222/741
f 1298/1221/739 1296/1220/737 1358/1257/786
f 1358/1257/786 1357/1256/785 1298/1221/739
f 1296/1220/737 1294/1219/735 1359/1258/787
f 1359/1258/787 1358/1257/786 1296/1220/737
f 1294/1219/735 1292/1218/733 1360/1259/788
f 1360/1259/788 1359/1258/787 1294/1219/735
f 1292/1218/733 1024/975/571 1023/974/570
f 1023/974/570 1360/1259/788 1292/1218/733
f 1025/976/572 1024/975/571 1291/1183/732
f 1291/1183/732 1361/1217/789 1025/976/572
f 1021/972/568 1020/971/568 1288/1216/729
f 1288/1216/729 1289/1215/729 1021/972/568
f 1286/1214/728 1284/1213/726 1362/1260/790
f 1362/1260/790 1363/1261/791 1286/1214/728
f 1284/1213/726 1282/1212/724 1364/1262/792
f 1364/1262/792 1362/1260/790 1284/1213/726
f 1282/1212/724 1280/1211/722 1365/1263/793
f 1365/1263/793 1364/1262/792 1282/1212/724
f 1280/1211/722 1278/1210/720 1366/1264/794
f 1366/1264/794 1365/1263/793 1280/1211/722
f 1278/1210/720 1276/1209/718 1367/1265/795
f 1367/1265/795 1366/1264/794 1278/1210/720
f 1276/1209/718 1274/1208/716 1368/1266/796
f 1368/1266/796 1367/1265/795 1276/1209/718
f 1274/1208/716 1272/1207/714 1369/1267/797
f 1369/1267/797 1368/1266/796 1274/1208/716
f 1272/1207/714 1270/1206/712 1370/1268/798
f 1370/1268/798 1369/1267/797 1272/1207/714
f 1270/1206/712 1017/968/567 1016/967/566
f 1016/967/566 1370/1268/798 1270/1206/712
f 1371/1269/799 992/944/550 991/948/554
f 991/948/554 1057/1005/594 1371/1269/799
f 1375/1270/800 1372/1271/801 1373/1272/801
f 1373/1272/801 1374/1273/800 1375/1270/800
f 1379/1274/802 1376/1275/803 1377/1276/803
f 1377/1276/803 1378/1277/802 1379/1274/802
s 0
f 1383/1278/278 1380/1279/278 1381/990/278
f 1381/990/278 1382/989/278 1383/1278/278
s 1
f 1385/1280/804 1384/1281/804 1214/1151/673
f 1214/1151/673 1178/1116/673 1385/1280/804
f 1387/1282/805 1386/1283/805 1131/1070/644
f 1131/1070/644 1130/1071/644 1387/1282/805
f 1391/1281/806 1388/1284/807 1389/1285/807
f 1389/1285/807 1390/1151/806 1391/1281/806
f 1395/1286/808 1392/1282/809 1393/1071/809
f 1393/1071/809 1394/1287/810 1395/1286/808
f 1397/1288/804 1396/1289/804 1177/1118/673
f 1177/1118/673 1264/1199/673 1397/1288/804
f 1399/1290/805 1398/1291/805 1218/1155/644
f 1218/1155/644 1217/1156/644 1399/1290/805
f 1400/1292/804 1397/1288/804 1264/1199/673
f 1264/1199/673 1263/1200/673 1400/1292/804
f 1398/1291/805 1401/1293/805 1269/1205/644
f 1269/1205/644 1218/1155/644 1398/1291/805
f 1396/1289/804 1385/1280/804 1178/1116/673
f 1178/1116/673 1177/1118/673 1396/1289/804
f 1386/1283/805 1399/1290/805 1217/1156/644
f 1217/1156/644 1131/1070/644 1386/1283/805
f 1388/1284/807 1402/1294/811 1403/1295/811
f 1403/1295/811 1389/1285/807 1388/1284/807
s 0
f 1407/1296/285 1404/1297/285 1405/1051/285
f 1405/1051/285 1406/1050/285 1407/1296/285
s 1
f 1409/1298/812 1395/1286/808 1394/1287/810
f 1394/1287/810 1408/1299/812 1409/1298/812
f 1372/1271/801 1410/1292/813 1411/1200/813
f 1411/1200/813 1373/1272/801 1372/1271/801
f 1413/1293/814 1379/1274/802 1378/1277/802
f 1378/1277/802 1412/1205/814 1413/1293/814
f 1417/1300/815 1414/1301/815 1415/1302/815
f 1415/1302/815 1416/1303/815 1417/1300/815
f 1421/1304/816 1418/1305/816 1419/1306/817
f 1419/1306/817 1420/1307/817 1421/1304/816
f 1425/1308/818 1422/1309/818 1423/1310/819
f 1423/1310/819 1424/1311/819 1425/1308/818
f 1429/1312/820 1426/1313/821 1427/1314/822
f 1427/1314/822 1428/1315/823 1429/1312/820
f 1433/1301/824 1430/1300/824 1431/1316/825
f 1431/1316/825 1432/1317/825 1433/1301/824
s 0
f 1437/1318/826 1434/1319/826 1435/1320/826
f 1435/1320/826 1436/1321/826 1437/1318/826
s 1
f 1441/1322/827 1438/1323/827 1439/1324/828
f 1439/1324/828 1440/1325/829 1441/1322/827
f 1445/1326/830 1442/1327/830 1443/1328/831
f 1443/1328/831 1444/1329/831 1445/1326/830
f 1449/1330/832 1446/1331/832 1447/1332/833
f 1447/1332/833 1448/1333/833 1449/1330/832
f 1453/1334/834 1450/1335/834 1451/1336/835
f 1451/1336/835 1452/1337/835 1453/1334/834
f 1424/1311/819 1423/1310/819 1438/1323/827
f 1438/1323/827 1441/1322/827 1424/1311/819
f 1428/1315/823 1427/1314/822 1442/1327/830
f 1442/1327/830 1445/1326/830 1428/1315/823
f 1455/1303/836 1454/1302/836 1446/1331/832
f 1446/1331/832 1449/1330/832 1455/1303/836
f 1420/1307/817 1419/1306/817 1450/1335/834
f 1450/1335/834 1453/1334/834 1420/1307/817
s 0
f 1459/1338/278 1456/1339/278 1457/1340/278
f 1457/1340/278 1458/1341/278 1459/1338/278
s 1
f 1461/1342/837 1460/1343/837 1440/1325/829
f 1440/1325/829 1439/1324/828 1461/1342/837
s 0
f 1465/1344/285 1462/1345/285 1463/1346/285
f 1463/1346/285 1464/1347/285 1465/1344/285
s 1
f 1467/1348/838 1466/1349/838 1448/1333/833
f 1448/1333/833 1447/1332/833 1467/1348/838
f 1471/1350/839 1468/1351/840 1469/1352/841
f 1469/1352/841 1470/1353/841 1471/1350/839
f 1473/1354/842 1472/1355/843 1460/1343/837
f 1460/1343/837 1461/1342/837 1473/1354/842
f 1477/1356/844 1474/1357/844 1475/1358/845
f 1475/1358/845 1476/1359/845 1477/1356/844
f 1479/1360/846 1478/1361/846 1466/1349/838
f 1466/1349/838 1467/1348/838 1479/1360/846
f 1481/1362/847 1480/1363/847 1468/1351/840
f 1468/1351/840 1471/1350/839 1481/1362/847
f 1483/1364/848 1482/1365/848 1472/1355/843
f 1472/1355/843 1473/1354/842 1483/1364/848
f 1485/1366/849 1484/1367/849 1474/1357/844
f 1474/1357/844 1477/1356/844 1485/1366/849
f 1487/1368/850 1486/1369/850 1478/1361/846
f 1478/1361/846 1479/1360/846 1487/1368/850
f 1489/1370/851 1488/1371/851 1480/1363/847
f 1480/1363/847 1481/1362/847 1489/1370/851
f 1491/1372/852 1490/1373/852 1482/1365/848
f 1482/1365/848 1483/1364/848 1491/1372/852
f 1493/1374/853 1492/1375/853 1484/1367/849
f 1484/1367/849 1485/1366/849 1493/1374/853
f 1432/1317/825 1431/1316/825 1486/1369/850
f 1486/1369/850 1487/1368/850 1432/1317/825
s 0
f 1497/1376/854 1494/1377/854 1495/1378/854
f 1495/1378/855 1496/1379/855 1497/1376/855
s 1
f 1422/1309/818 1425/1308/818 1490/1373/852
f 1490/1373/852 1491/1372/852 1422/1309/818
f 1501/1380/856 1498/1381/856 1499/1382/857
f 1499/1382/857 1500/1383/857 1501/1380/856
f 1505/1384/858 1502/1385/858 1503/1386/859
f 1503/1386/859 1504/1387/860 1505/1384/858
f 1509/1388/861 1506/1389/861 1507/1390/862
f 1507/1390/862 1508/1391/863 1509/1388/861
f 1513/1392/864 1510/1393/864 1511/1394/865
f 1511/1394/865 1512/1395/865 1513/1392/864
f 1498/1381/856 1501/1380/856 1514/1396/866
f 1514/1396/866 1515/1397/867 1498/1381/856
s 0
f 1519/1398/868 1516/1399/868 1517/1400/868
f 1517/1400/868 1518/1401/868 1519/1398/868
s 1
f 1523/1402/869 1520/1403/869 1521/1404/870
f 1521/1404/870 1522/1405/871 1523/1402/869
f 1527/1406/872 1524/1407/873 1525/1408/874
f 1525/1408/874 1526/1409/874 1527/1406/872
f 1531/1410/875 1528/1411/875 1529/1412/876
f 1529/1412/876 1530/1413/877 1531/1410/875
f 1535/1414/878 1532/1415/878 1533/1416/879
f 1533/1416/879 1534/1417/879 1535/1414/878
f 1508/1391/863 1507/1390/862 1520/1403/869
f 1520/1403/869 1523/1402/869 1508/1391/863
f 1512/1395/865 1511/1394/865 1524/1407/873
f 1524/1407/873 1527/1406/872 1512/1395/865
f 1500/1383/857 1499/1382/857 1528/1411/875
f 1528/1411/875 1531/1410/875 1500/1383/857
f 1504/1387/860 1503/1386/859 1532/1415/878
f 1532/1415/878 1535/1414/878 1504/1387/860
s 0
f 1539/1418/880 1536/1419/880 1537/1420/880
f 1537/1420/880 1538/1421/880 1539/1418/880
s 1
f 1541/1422/881 1540/1423/882 1522/1405/871
f 1522/1405/871 1521/1404/870 1541/1422/881
s 0
f 1545/1424/883 1542/1425/883 1543/1426/883
f 1543/1426/883 1544/1427/883 1545/1424/883
s 1
f 1547/1428/884 1546/1429/885 1530/1413/877
f 1530/1413/877 1529/1412/876 1547/1428/884
f 1551/1430/886 1548/1431/887 1549/1432/888
f 1549/1432/888 1550/1433/888 1551/1430/886
f 1553/1434/889 1552/1435/889 1540/1423/882
f 1540/1423/882 1541/1422/881 1553/1434/889
f 1557/1436/890 1554/1437/891 1555/1438/892
f 1555/1438/892 1556/1439/892 1557/1436/890
f 1559/1440/893 1558/1441/893 1546/1429/885
f 1546/1429/885 1547/1428/884 1559/1440/893
f 1561/1442/894 1560/1443/894 1548/1431/887
f 1548/1431/887 1551/1430/886 1561/1442/894
f 1563/1444/895 1562/1445/895 1552/1435/889
f 1552/1435/889 1553/1434/889 1563/1444/895
f 1565/1446/896 1564/1447/897 1554/1437/891
f 1554/1437/891 1557/1436/890 1565/1446/896
f 1567/1448/898 1566/1449/898 1558/1441/893
f 1558/1441/893 1559/1440/893 1567/1448/898
f 1569/1450/899 1568/1451/899 1560/1443/894
f 1560/1443/894 1561/1442/894 1569/1450/899
f 1571/1452/900 1570/1453/901 1562/1445/895
f 1562/1445/895 1563/1444/895 1571/1452/900
f 1573/1454/902 1572/1455/902 1564/1447/897
f 1564/1447/897 1565/1446/896 1573/1454/902
f 1515/1397/867 1514/1396/866 1566/1449/898
f 1566/1449/898 1567/1448/898 1515/1397/867
s 0
f 1577/1456/903 1574/1457/903 1575/1458/903
f 1575/1458/904 1576/1459/904 1577/1456/904
s 1
f 1506/1389/861 1509/1388/861 1570/1453/901
f 1570/1453/901 1571/1452/900 1506/1389/861
f 1581/1460/905 1578/1461/905 1579/1462/905
f 1579/1462/905 1580/1463/906 1581/1460/905
f 1585/1464/907 1582/1465/908 1583/1466/909
f 1583/1466/909 1584/1467/909 1585/1464/907
f 1589/1468/910 1586/1469/910 1587/1470/911
f 1587/1470/911 1588/1471/911 1589/1468/910
f 1593/1472/912 1590/1473/912 1591/1474/913
f 1591/1474/913 1592/1475/913 1593/1472/912
f 1597/1461/914 1594/1460/915 1595/1476/916
f 1595/1476/916 1596/1477/916 1597/1461/914
s 0
f 1601/1478/917 1598/1479/917 1599/1480/917
f 1599/1480/917 1600/1481/917 1601/1478/917
s 1
f 1605/1482/918 1602/1483/918 1603/1484/919
f 1603/1484/919 1604/1485/920 1605/1482/918
f 1609/1486/921 1606/1487/921 1607/1488/921
f 1607/1488/921 1608/1489/922 1609/1486/921
f 1613/1490/923 1610/1491/923 1611/1492/924
f 1611/1492/924 1612/1493/925 1613/1490/923
f 1617/1494/926 1614/1495/926 1615/1496/926
f 1615/1496/926 1616/1497/927 1617/1494/926
f 1588/1471/911 1587/1470/911 1602/1483/918
f 1602/1483/918 1605/1482/918 1588/1471/911
f 1592/1475/913 1591/1474/913 1618/1487/928
f 1618/1487/928 1619/1486/928 1592/1475/913
f 1621/1463/929 1620/1462/929 1610/1491/923
f 1610/1491/923 1613/1490/923 1621/1463/929
f 1584/1467/909 1583/1466/909 1622/1495/930
f 1622/1495/930 1623/1494/930 1584/1467/909
s 0
f 1627/1498/931 1624/1499/931 1625/1500/931
f 1625/1500/931 1626/1501/931 1627/1498/931
s 1
f 1629/1502/932 1628/1503/933 1604/1485/920
f 1604/1485/920 1603/1484/919 1629/1502/932
s 0
f 1633/1504/934 1630/1505/934 1631/1506/934
f 1631/1506/934 1632/1507/934 1633/1504/934
s 1
f 1635/1508/935 1634/1509/935 1612/1493/925
f 1612/1493/925 1611/1492/924 1635/1508/935
f 1639/1510/936 1636/1511/936 1637/1512/936
f 1637/1512/936 1638/1513/937 1639/1510/936
f 1641/1514/938 1640/1515/938 1628/1503/933
f 1628/1503/933 1629/1502/932 1641/1514/938
f 1645/1516/939 1642/1517/939 1643/1518/939
f 1643/1518/939 1644/1519/939 1645/1516/939
f 1647/1520/940 1646/1521/940 1634/1509/935
f 1634/1509/935 1635/1508/935 1647/1520/940
f 1651/1522/941 1648/1523/942 1649/1511/943
f 1649/1511/943 1650/1510/943 1651/1522/941
f 1653/1524/944 1652/1525/944 1640/1515/938
f 1640/1515/938 1641/1514/938 1653/1524/944
f 1657/1526/945 1654/1527/946 1655/1517/947
f 1655/1517/947 1656/1516/947 1657/1526/945
f 1659/1528/948 1658/1529/948 1646/1521/940
f 1646/1521/940 1647/1520/940 1659/1528/948
f 1661/1530/949 1660/1531/950 1648/1523/942
f 1648/1523/942 1651/1522/941 1661/1530/949
f 1663/1532/951 1662/1533/952 1652/1525/944
f 1652/1525/944 1653/1524/944 1663/1532/951
f 1665/1534/953 1664/1535/953 1654/1527/946
f 1654/1527/946 1657/1526/945 1665/1534/953
f 1596/1477/916 1595/1476/916 1658/1529/948
f 1658/1529/948 1659/1528/948 1596/1477/916
s 0
f 1669/1536/954 1666/1537/954 1667/1538/954
f 1667/1538/955 1668/1539/955 1669/1536/955
s 1
f 1586/1469/910 1589/1468/910 1662/1533/952
f 1662/1533/952 1663/1532/951 1586/1469/910
